,ticker,Beta,Date,Open,drawdown,Label
0,AAZQ11,0.15215157880418034,2022-12,0.010953024765845204,0.07843135025643312,0.08051198460881955
1,AAZQ11,0.15215157880418034,2023-01,0.013980266504460579,0.09700015939713462,0.08771066823525851
2,AAZQ11,0.15215157880418034,2023-02,0.0032191623585476345,0.10221796347202654,0.08586290154491817
3,AAZQ11,0.15215157880418034,2023-03,0.0014025842995094929,0.0424243183077546,0.06532616047048147
4,AAZQ11,0.15215157880418034,2023-04,0.006455401450049633,0.04928123803806735,0.06929607276409912
5,AAZQ11,0.15215157880418034,2023-05,0.002110792454425744,0.03959395671617027,0.06461877599159212
6,AAZQ11,0.15215157880418034,2023-06,0.0011237975475237873,0.04414771175739372,0.06580769603636595
7,AAZQ11,0.15215157880418034,2023-07,0.006566688164934266,0.055555508578110105,0.0714245918490749
8,AAZQ11,0.15215157880418034,2023-08,0.0030892731000287917,0.032804373227088325,0.06268174171043249
9,AAZQ11,0.15215157880418034,2023-09,0.0016379912271986398,0.03765696595712036,0.06381551199616645
10,AAZQ11,0.15215157880418034,2023-10,0.0013258704087176013,0.040425527400686306,0.06463432553786141
11,AAZQ11,0.15215157880418034,2023-11,0.00198031396806306,0.03260875420779449,0.0622468823266793
12,AAZQ11,0.15215157880418034,2023-12,0.017835085338747947,0.07244797184081529,0.08081154532791453
13,AAZQ11,0.15215157880418034,2024-01,0.009718464358626819,0.05561529064724635,0.07249511127001784
14,AAZQ11,0.15215157880418034,2024-02,0.0024320818283823003,0.036402465765587255,0.06366204213271663
15,AAZQ11,0.15215157880418034,2024-03,0.0018713607555100858,0.03775618712068865,0.06392637556012636
16,AAZQ11,0.15215157880418034,2024-04,0.001411270343573991,0.02478451765253076,0.059449122266761696
17,AAZQ11,0.15215157880418034,2024-05,0.020351286676674858,0.07244782705905224,0.08165023084663581
18,AAZQ11,0.15215157880418034,2024-06,0.2982688921655718,0.22742852096237018,0.22594966397737412
19,AAZQ11,0.15215157880418034,2024-07,0.09375969733053253,0.1233044672570729,0.12307191446392858
20,AAZQ11,0.15215157880418034,2024-08,0.012568022321530143,0.07011062903679821,0.0782767433875029
21,AAZQ11,0.15215157880418034,2024-09,0.04616613363117329,0.10074627696325392,0.09968799646620252
22,AAZQ11,0.15215157880418034,2024-10,0.027492749769378152,0.1043956886690419,0.09468000574753348
23,AAZQ11,0.15215157880418034,2024-11,0.021610797636856784,0.09663871183274299,0.09013369609126004
24,AAZQ11,0.15215157880418034,2024-12,0.0812460600709329,0.16738802374791534,0.13359522087434286
25,AAZQ11,0.15215157880418034,2025-01,0.008157180407511256,0.10460245423278192,0.08830373781482452
26,AAZQ11,0.15215157880418034,2025-02,0.013467175855043992,0.0741839217079171,0.07993422545571381
27,AAZQ11,0.15215157880418034,2025-03,0.08815965328493534,0.14552737154184064,0.12861286787698545
28,AAZQ11,0.15215157880418034,2025-04,0.014056876969186744,0.10433607070854048,0.09018150882730253
29,AAZQ11,0.15215157880418034,2025-05,0.00601154771953255,0.047361287003515884,0.0685081378424096
30,BBGO11,6.6148267094693125,2022-02,3.093296285125282,0.11449985543619916,3.274207616676931
31,BBGO11,6.6148267094693125,2022-03,2.975288564981265,0.11330042999033046,3.2344719014803025
32,BBGO11,6.6148267094693125,2022-04,0.9122825926879874,0.06490684107798364,2.5306720477450946
33,BBGO11,6.6148267094693125,2022-05,0.5076215085823405,0.05162764700477492,2.391358621685476
34,BBGO11,6.6148267094693125,2022-06,0.22177005249067555,0.04630549366237121,2.2943007518741196
35,BBGO11,6.6148267094693125,2022-07,0.8312301799886216,0.05934002588079665,2.501798971779577
36,BBGO11,6.6148267094693125,2022-08,0.3766596681517033,0.11542932432419782,2.3689719006484045
37,BBGO11,6.6148267094693125,2022-09,0.561639591040089,0.05879076331948496,2.411752354609629
38,BBGO11,6.6148267094693125,2022-10,0.09580798836673758,0.028275612015932778,2.246303436617328
39,BBGO11,6.6148267094693125,2022-11,0.2100977239068305,0.03799628860830939,2.287640240661484
40,BBGO11,6.6148267094693125,2022-12,2.4967573858726593,0.08236278326210479,3.064648959534692
41,BBGO11,6.6148267094693125,2023-01,0.2208690063798182,0.031132839191961456,2.288942851680364
42,BBGO11,6.6148267094693125,2023-02,0.15201367376997116,0.040621029295988764,2.269153804178424
43,BBGO11,6.6148267094693125,2023-03,0.10783805284901439,0.03425336768134861,2.2523060433332254
44,BBGO11,6.6148267094693125,2023-04,0.2882360216406585,0.05144237603718653,2.3181683690490527
45,BBGO11,6.6148267094693125,2023-05,2.269501981313831,0.07905457092934053,2.9877944205708276
46,BBGO11,6.6148267094693125,2023-06,1.1838259217282716,0.11366849651959675,2.6374403759057268
47,BBGO11,6.6148267094693125,2023-07,0.6040472422517076,0.047014001764357945,2.421962651161793
48,BBGO11,6.6148267094693125,2023-08,0.36766167452512505,0.08440478111500752,2.3556310550364814
49,BBGO11,6.6148267094693125,2023-09,0.25443665819750183,0.03743333201398901,2.3022322332269343
50,BBGO11,6.6148267094693125,2023-10,0.9833068015906651,0.06343146208026877,2.5538549910467485
51,BBGO11,6.6148267094693125,2023-11,0.2906348242626093,0.09860963071705117,2.3346903881496575
52,BBGO11,6.6148267094693125,2023-12,0.6107422538539614,0.062485813108081704,2.429351592143785
53,BBGO11,6.6148267094693125,2024-01,0.35790994527347486,0.034240873240512996,2.3356591759944334
54,BBGO11,6.6148267094693125,2024-02,0.39012208482153365,0.03729776743820376,2.34741552057635
55,BBGO11,6.6148267094693125,2024-03,0.26383661441856215,0.04761904037935778,2.3087607880890775
56,BBGO11,6.6148267094693125,2024-04,0.25853423959329885,0.024959673169481625,2.2994402074106977
57,BBGO11,6.6148267094693125,2024-05,0.18491807522211276,0.02750608823355346,2.275750290974993
58,BBGO11,6.6148267094693125,2024-06,1.3463445790091224,0.05271186024947476,2.6712943829093034
59,BBGO11,6.6148267094693125,2024-07,0.5713742275074596,0.0508354395897798,2.4123454588555173
60,BBGO11,6.6148267094693125,2024-08,1.4251239561586804,0.16566532321170743,2.7352053296132333
61,BBGO11,6.6148267094693125,2024-09,4.9168669925429915,0.08771907931201828,3.8731375937747745
62,BBGO11,6.6148267094693125,2024-10,20.767596814964694,0.21023018472738117,9.19755123638713
63,BBGO11,6.6148267094693125,2024-11,4.895780930834838,0.12910723256617274,3.8799049576234412
64,BBGO11,6.6148267094693125,2024-12,3.5564399447397275,0.12233661605940951,3.4312010900894836
65,BBGO11,6.6148267094693125,2025-01,4.737554278845005,0.23203319024505434,3.861471392853124
66,BBGO11,6.6148267094693125,2025-02,6.060312835575982,0.15451893103265454,4.276552825359317
67,BBGO11,6.6148267094693125,2025-03,2.1718403840354146,0.0861621907383184,2.9576097614143486
68,BBGO11,6.6148267094693125,2025-04,2.3136359386294445,0.08514229299569255,3.0045349803648165
69,BBGO11,6.6148267094693125,2025-05,0.7844387338190401,0.05556357016222185,2.4849430044835246
70,CPTR11,2.3037326926592434,2022-06,4.456809362469162e-06,0.004975143262281646,0.7695707642436291
71,CPTR11,2.3037326926592434,2022-07,0.007648933961062729,0.2014804640779251,0.8376206968994104
72,CPTR11,2.3037326926592434,2022-08,0.009539881244720527,0.18395484148517505,0.8324091384630462
73,CPTR11,2.3037326926592434,2022-09,0.01738505563725703,0.216839548912457,0.8459857657363191
74,CPTR11,2.3037326926592434,2022-10,0.006881539778145948,0.13495863312805856,0.8151909551884827
75,CPTR11,2.3037326926592434,2022-11,0.009817038280187646,0.14090271204703048,0.8181508143288204
76,CPTR11,2.3037326926592434,2022-12,0.014769827008441493,0.1569768037640109,0.8251597744772319
77,CPTR11,2.3037326926592434,2023-01,0.03408145549602507,0.17169556618204698,0.8365032381124385
78,CPTR11,2.3037326926592434,2023-02,0.0460283717695652,0.16467287293498709,0.8381446457879318
79,CPTR11,2.3037326926592434,2023-03,0.03447314598960182,0.13721939444819117,0.8251417443656788
80,CPTR11,2.3037326926592434,2023-04,0.07129104982436937,0.16947145762429278,0.8481650667026353
81,CPTR11,2.3037326926592434,2023-05,0.0961713666091302,0.16688386109891287,0.8555959734557622
82,CPTR11,2.3037326926592434,2023-06,0.13787735227812423,0.16349473911760717,0.8683682613516582
83,CPTR11,2.3037326926592434,2023-07,0.13369466278847922,0.13241649776907344,0.8566146177389321
84,CPTR11,2.3037326926592434,2023-08,0.15427670060623647,0.1307786559067207,0.8629293497240669
85,CPTR11,2.3037326926592434,2023-09,0.34490379627494255,0.16890404349651109,0.939180177476899
86,CPTR11,2.3037326926592434,2023-10,0.013083066491613306,0.04856351011716971,0.7884597564226755
87,CPTR11,2.3037326926592434,2023-11,0.03133644272377077,0.07805633280162629,0.8043751560615467
88,CPTR11,2.3037326926592434,2023-12,0.006322634991004453,0.061068890389226624,0.7903747393464915
89,CPTR11,2.3037326926592434,2024-01,0.01402179776637201,0.05263160726176156,0.7901286992291258
90,CPTR11,2.3037326926592434,2024-02,0.002113258147777092,0.04008907357971869,0.7819783414622464
91,CPTR11,2.3037326926592434,2024-03,0.00419852501015018,0.058314632021202316,0.7887486165635319
92,CPTR11,2.3037326926592434,2024-04,0.0028945521365823543,0.03485127527172105,0.7804928400225156
93,CPTR11,2.3037326926592434,2024-05,0.0024181289540019515,0.03850499034409362,0.7815519373191129
94,CPTR11,2.3037326926592434,2024-06,0.04381178619049566,0.10405529419110296,0.8171999243469473
95,CPTR11,2.3037326926592434,2024-07,0.0018914355221666464,0.03433424194333845,0.7799861233749162
96,CPTR11,2.3037326926592434,2024-08,0.014445593219186861,0.05913587605234787,0.7924380539769261
97,CPTR11,2.3037326926592434,2024-09,0.15800985239292747,0.14675623396605417,0.869499593006075
98,CPTR11,2.3037326926592434,2024-10,0.17885114016052103,0.16511321334241824,0.8825656820540608
99,CPTR11,2.3037326926592434,2024-11,0.00725080999737009,0.11373710772725179,0.8082402034612884
100,CPTR11,2.3037326926592434,2024-12,0.02797089031288448,0.14006025916887158,0.8239212807136665
101,CPTR11,2.3037326926592434,2025-01,0.0010577622050893054,0.04516124513252809,0.783317233332287
102,CPTR11,2.3037326926592434,2025-02,0.05701824458524517,0.13230040371014695,0.8310171136515452
103,CPTR11,2.3037326926592434,2025-03,0.05378091671736671,0.12019585546734123,0.8259031549479837
104,CPTR11,2.3037326926592434,2025-04,0.03655786915653044,0.12347192118360725,0.8212541609997936
105,CPTR11,2.3037326926592434,2025-05,0.006677994316024272,0.05103206306391182,0.7871475833463931
106,CRAA11,3.2794783861021726,2023-04,0.10508595504803427,0.037600702297593595,1.1407216811492669
107,CRAA11,3.2794783861021726,2023-05,0.9333099375529879,0.04085427579052436,1.4178808664818947
108,CRAA11,3.2794783861021726,2023-06,0.04782392576342843,0.01932507283821527,1.1155424615679388
109,CRAA11,3.2794783861021726,2023-07,0.04959700881940799,0.014494154323730224,1.1145231830817703
110,CRAA11,3.2794783861021726,2023-08,0.04670628699472239,0.023124333666373727,1.1164363355877562
111,CRAA11,3.2794783861021726,2023-09,0.09708158062510805,0.02037422454209972,1.1323113970897936
112,CRAA11,3.2794783861021726,2023-10,0.06382950004519172,0.026852760703906724,1.123386882283757
113,CRAA11,3.2794783861021726,2023-11,0.17185459993773522,0.019789799201234956,1.1570409284137142
114,CRAA11,3.2794783861021726,2023-12,0.07359948513838445,0.025452584328118383,1.1261768185228918
115,CRAA11,3.2794783861021726,2024-01,0.21366594484753604,0.023723530667284894,1.1722892872056645
116,CRAA11,3.2794783861021726,2024-02,0.3052499969898784,0.041939638860552665,1.2088893406508678
117,CRAA11,3.2794783861021726,2024-03,0.8495092868163991,0.055725536840723865,1.3949044032530986
118,CRAA11,3.2794783861021726,2024-04,0.2594909975939952,0.03371871163640454,1.1908960317775241
119,CRAA11,3.2794783861021726,2024-05,0.1634481374463564,0.038102111168643885,1.1603428782390577
120,CRAA11,3.2794783861021726,2024-06,0.8721080138500061,0.06157268888155978,1.4043863629445796
121,CRAA11,3.2794783861021726,2024-07,2.5021012404300347,0.08500008905576399,1.9555265718626569
122,CRAA11,3.2794783861021726,2024-08,12.706870923628003,0.0976850111266286,5.361344773618935
123,CRAA11,3.2794783861021726,2024-09,0.1883699094966987,0.028242660510272778,1.1653636520363813
124,CRAA11,3.2794783861021726,2024-10,1.0413132946690484,0.04721403162470123,1.456001904131974
125,CRAA11,3.2794783861021726,2024-11,2.3120328730453568,0.08752440274530365,1.893011887297611
126,CRAA11,3.2794783861021726,2024-12,6.407466164427276,0.1235211586673346,3.270155236398928
127,CRAA11,3.2794783861021726,2025-01,2.273467816673174,0.09486076038241369,1.8826023210525868
128,CRAA11,3.2794783861021726,2025-02,4.688350254268085,0.0862271981323244,2.6846852795008602
129,CRAA11,3.2794783861021726,2025-03,1.4826304420123155,0.05437631634251506,1.6054950481523347
130,CRAA11,3.2794783861021726,2025-04,1.0810169860013272,0.046367489665004036,1.468954287256168
131,CRAA11,3.2794783861021726,2025-05,0.7136819911143798,0.041995334097970724,1.3450519037715079
132,DCRA11,0.45694989908363404,2022-02,0.004011403602202482,0.062378419052070304,0.1744465739126356
133,DCRA11,0.45694989908363404,2022-03,0.0014789008856604803,0.037037337098332825,0.16515537902254246
134,DCRA11,0.45694989908363404,2022-04,0.0022124945218434267,0.04788233126071307,0.1690149082887302
135,DCRA11,0.45694989908363404,2022-05,0.001637822980365872,0.03015075665017164,0.16291282623805717
136,DCRA11,0.45694989908363404,2022-06,0.0011853120961392873,0.022122231704725267,0.16008581429483287
137,DCRA11,0.45694989908363404,2022-07,0.0009010184546552086,0.046829033085137084,0.16822665020780878
138,DCRA11,0.45694989908363404,2022-08,0.0008092791252915656,0.02034609974337417,0.15936842598409992
139,DCRA11,0.45694989908363404,2022-09,0.0006979105056275721,0.018232896178949035,0.15862690192273687
140,DCRA11,0.45694989908363404,2022-10,0.0009465105114915703,0.020618448703230017,0.15950495276611856
141,DCRA11,0.45694989908363404,2022-11,0.028802192391096656,0.07120736635093662,0.18565315260855578
142,DCRA11,0.45694989908363404,2022-12,0.0041164246141086975,0.046768074558959795,0.16927813275223416
143,DCRA11,0.45694989908363404,2023-01,0.0018892075638986805,0.03125016422679354,0.16336309029144208
144,DCRA11,0.45694989908363404,2023-02,0.0006919959289648769,0.017391100984304082,0.15834433199896766
145,DCRA11,0.45694989908363404,2023-03,0.004275987704743762,0.04709737639445617,0.16944108772761132
146,DCRA11,0.45694989908363404,2023-04,0.0011850009429531531,0.032620989237614015,0.1635852964214004
147,DCRA11,0.45694989908363404,2023-05,0.0027879543856482785,0.0365317799092245,0.16542321112616895
148,DCRA11,0.45694989908363404,2023-06,0.0012687550381732238,0.040074032287126374,0.1660975621363112
149,DCRA11,0.45694989908363404,2023-07,0.009954051266961016,0.0785337979763248,0.18181258277563994
150,DCRA11,0.45694989908363404,2023-08,0.012139401284670264,0.061522517158592485,0.17687060584229894
151,DCRA11,0.45694989908363404,2023-09,0.0005721133268801602,0.02478446896015742,0.1607688271235572
152,DCRA11,0.45694989908363404,2023-10,0.0021797482087462005,0.03184508923977651,0.16365824551071892
153,DCRA11,0.45694989908363404,2023-11,0.0017261328695736635,0.02653505763090446,0.16173702986137073
154,DCRA11,0.45694989908363404,2023-12,0.012320712590666362,0.055180992729285665,0.17481720146786203
155,DCRA11,0.45694989908363404,2024-01,0.002108097335176671,0.03419087236064209,0.16441628959315094
156,DCRA11,0.45694989908363404,2024-02,0.006524881750756329,0.0425635062711763,0.16867942903518887
157,DCRA11,0.45694989908363404,2024-03,0.024914500915284937,0.06821264041595812,0.18335901347162567
158,DCRA11,0.45694989908363404,2024-04,0.008185073263755095,0.05251502621361776,0.17254999952033565
159,DCRA11,0.45694989908363404,2024-05,0.004375926881487712,0.04998880983948154,0.17043821193486774
160,DCRA11,0.45694989908363404,2024-06,0.0018074708350481108,0.035151619170175466,0.16463632969628586
161,DCRA11,0.45694989908363404,2024-07,0.012471773306725482,0.05179067156631678,0.17373744798555876
162,DCRA11,0.45694989908363404,2024-08,0.0018921209732842125,0.030480633167188676,0.16310755107470232
163,DCRA11,0.45694989908363404,2024-09,0.004210907329536125,0.06315792568261784,0.174772910698596
164,DCRA11,0.45694989908363404,2024-10,0.07589975233704915,0.1280305848594845,0.22029341209338923
165,DCRA11,0.45694989908363404,2024-11,0.04517146388136343,0.10495131747002939,0.20235756014500894
166,DCRA11,0.45694989908363404,2024-12,0.14458721479647393,0.15988038518527903,0.25380583302179566
167,DCRA11,0.45694989908363404,2025-01,0.014238526028556393,0.08518244490444317,0.1854569566722112
168,DCRA11,0.45694989908363404,2025-02,0.011614129399266667,0.06989636171637902,0.17948679673309323
169,DCRA11,0.45694989908363404,2025-03,0.010080026957497622,0.07733334026037464,0.1814544221005021
170,DCRA11,0.45694989908363404,2025-04,0.021926129877811812,0.06992080225480042,0.18293227707208212
171,DCRA11,0.45694989908363404,2025-05,0.013090572858987968,0.07074295544167775,0.18026114246143324
172,EGAF11,8.175919660891779,2022-01,15.011345417574823,0.11650485436893211,7.767923310945179
173,EGAF11,8.175919660891779,2022-02,4.3008044143984865,0.15524259178072478,4.21065555569033
174,EGAF11,8.175919660891779,2022-03,1.1146678345660215,0.10387170829549063,3.131486401251097
175,EGAF11,8.175919660891779,2022-04,0.9783586437623897,0.061404161899316544,3.0718941555178283
176,EGAF11,8.175919660891779,2022-05,0.08486660860852925,0.022400031328490267,2.7610621002762663
177,EGAF11,8.175919660891779,2022-06,0.4813755332049824,0.043414506717954056,2.900236566938238
178,EGAF11,8.175919660891779,2022-07,0.6922761766817789,0.05132291255096028,2.9731729167081724
179,EGAF11,8.175919660891779,2022-08,0.6233993027442543,0.042415323799061065,2.9472447624783644
180,EGAF11,8.175919660891779,2022-09,0.08465971943325618,0.03730749563455516,2.7659622919865305
181,EGAF11,8.175919660891779,2022-10,0.12470399336256366,0.031245330336104396,2.777289661530149
182,EGAF11,8.175919660891779,2022-11,0.10340849997716166,0.04581625714450704,2.775048139337816
183,EGAF11,8.175919660891779,2022-12,0.23630543042740687,0.04820773357530687,2.820144274964831
184,EGAF11,8.175919660891779,2023-01,0.6171875830256462,0.06820748513678115,2.9537715763514023
185,EGAF11,8.175919660891779,2023-02,0.31292554464180844,0.03482319050856165,2.8412227986807164
186,EGAF11,8.175919660891779,2023-03,0.3608684338778359,0.0398989792054931,2.8588956913250363
187,EGAF11,8.175919660891779,2023-04,0.1129439250796547,0.10486007696718753,2.797907887646207
188,EGAF11,8.175919660891779,2023-05,0.5044164251857493,0.054448752142155915,2.9115949460732278
189,EGAF11,8.175919660891779,2023-06,0.3455230888188902,0.0381590256050555,2.8532005917719085
190,EGAF11,8.175919660891779,2023-07,0.060953132043054324,0.019803176592963358,2.752225323175933
191,EGAF11,8.175919660891779,2023-08,0.03796657370905682,0.012793167475929887,2.742226467358922
192,EGAF11,8.175919660891779,2023-09,0.4082411843953058,0.041671073788823364,2.8752773063586363
193,EGAF11,8.175919660891779,2023-10,0.21563989623433072,0.022332588604402126,2.8046307152435035
194,EGAF11,8.175919660891779,2023-11,0.06868570837818495,0.01664143353779697,2.753748934269254
195,EGAF11,8.175919660891779,2023-12,0.07809695381228395,0.017472331453864925,2.757162982052643
196,EGAF11,8.175919660891779,2024-01,0.5310874062278917,0.0398090640711438,2.9156053770636046
197,EGAF11,8.175919660891779,2024-02,0.1954716428326604,0.02612732166703578,2.7991728751304916
198,EGAF11,8.175919660891779,2024-03,0.16135745277598365,0.027675405198284046,2.7883175062886827
199,EGAF11,8.175919660891779,2024-04,0.06417281986963927,0.023601741528799743,2.7545647407634064
200,EGAF11,8.175919660891779,2024-05,0.2297709516402139,0.029928900298022705,2.8118731709433384
201,EGAF11,8.175919660891779,2024-06,0.32672455703789016,0.032154032634721295,2.8449327501881303
202,EGAF11,8.175919660891779,2024-07,0.20857040440817115,0.04709349481941862,2.8105278533731233
203,EGAF11,8.175919660891779,2024-08,1.3753586608487625,0.054258823548393086,3.2018457150963116
204,EGAF11,8.175919660891779,2024-09,0.6886039290563118,0.0434829163229702,2.969335502090354
205,EGAF11,8.175919660891779,2024-10,3.593525636224633,0.07678176292761744,3.9487423533480097
206,EGAF11,8.175919660891779,2024-11,0.8239110807674181,0.04590650471039882,3.0152457487898654
207,EGAF11,8.175919660891779,2024-12,5.7180468825011985,0.158076137075177,4.684014226822718
208,EGAF11,8.175919660891779,2025-01,1.7906283877884017,0.06540233504830657,3.343983461242829
209,EGAF11,8.175919660891779,2025-02,0.4329293741250185,0.03633332111632523,2.8817274520443745
210,EGAF11,8.175919660891779,2025-03,4.573989335756277,0.0942101765966005,4.281373057748219
211,EGAF11,8.175919660891779,2025-04,1.770175831545526,0.09119596592751748,3.345763819454941
212,EGAF11,8.175919660891779,2025-05,1.9625950993960306,0.04783630242950352,3.3954503542391046
213,FGAA11,0.20260535714961964,2023-02,0.0006678133476674309,0.017033905854560216,0.07343569211728243
214,FGAA11,0.20260535714961964,2023-03,0.0016604730400207762,0.027355727562585964,0.0772071859174088
215,FGAA11,0.20260535714961964,2023-04,0.0011362571304348128,0.020555184409928103,0.07476559956332751
216,FGAA11,0.20260535714961964,2023-05,0.0028297410545383103,0.044367286537198326,0.08326746158045209
217,FGAA11,0.20260535714961964,2023-06,0.005899250750425714,0.039534877449209034,0.08267982844975146
218,FGAA11,0.20260535714961964,2023-07,0.0021599193875436315,0.033810185091951564,0.0795251538763716
219,FGAA11,0.20260535714961964,2023-08,0.0033357065152203654,0.02773316015036808,0.0778914079384027
220,FGAA11,0.20260535714961964,2023-09,0.0014672326844252833,0.0226142996680668,0.07556229650070391
221,FGAA11,0.20260535714961964,2023-10,0.005096612519186548,0.03707407500182555,0.08159201489021058
222,FGAA11,0.20260535714961964,2023-11,0.0010087866313995167,0.03582418460965577,0.07981277613022499
223,FGAA11,0.20260535714961964,2023-12,0.028180442722213112,0.07588669702482391,0.10222416563221888
224,FGAA11,0.20260535714961964,2024-01,0.003849944771483881,0.037809269811277406,0.08142152391079364
225,FGAA11,0.20260535714961964,2024-02,0.00609232762517385,0.06973845820317377,0.09281204765932242
226,FGAA11,0.20260535714961964,2024-03,0.0019436375223176481,0.0782623234176384,0.0942704393631919
227,FGAA11,0.20260535714961964,2024-04,0.005030651193900618,0.0385566278641194,0.08206421206921322
228,FGAA11,0.20260535714961964,2024-05,0.0006307266255059053,0.024082489668220415,0.07577285781444865
229,FGAA11,0.20260535714961964,2024-06,0.004738263479558425,0.037567149250642425,0.08163692329327349
230,FGAA11,0.20260535714961964,2024-07,0.005005325330540413,0.03678747437812145,0.08146605228609383
231,FGAA11,0.20260535714961964,2024-08,0.010715075324574382,0.05852149754552343,0.09061397667323916
232,FGAA11,0.20260535714961964,2024-09,0.014465821310955565,0.06838554581151844,0.09515224142403121
233,FGAA11,0.20260535714961964,2024-10,0.014039420330438023,0.058922100805576506,0.0918556260952114
234,FGAA11,0.20260535714961964,2024-11,0.0063629222715873325,0.12484696030163296,0.11127174657427998
235,FGAA11,0.20260535714961964,2024-12,0.06386477940904337,0.11093140179164292,0.12580051278343532
236,FGAA11,0.20260535714961964,2025-01,0.015767384579463202,0.060574001892921496,0.09298224787400144
237,FGAA11,0.20260535714961964,2025-02,0.05455446392071255,0.0934204961491428,0.11686010573982501
238,FGAA11,0.20260535714961964,2025-03,0.031567531126780284,0.08145857944293727,0.10521048923977906
239,FGAA11,0.20260535714961964,2025-04,0.01976085608820758,0.07855324463249092,0.10030648595677272
240,FGAA11,0.20260535714961964,2025-05,0.0014236191158649232,0.027901849679807206,0.07731027531509725
241,GCRA11,2.7111805583511974,2023-11,1.7782628053427891,0.12712070573722486,1.5388546898104039
242,GCRA11,2.7111805583511974,2023-12,4.459733686001995,0.10131565648151517,2.424076633611569
243,GCRA11,2.7111805583511974,2024-01,1.0564476196525934,0.07702467187911358,1.281550949960968
244,GCRA11,2.7111805583511974,2024-02,7.058442689391127,0.15312517334682113,3.3075828070297146
245,GCRA11,2.7111805583511974,2024-03,1.8347801494643154,0.10840796784503363,1.5514562252201822
246,GCRA11,2.7111805583511974,2024-04,0.5871111888127941,0.06721942473229667,1.1218370572987626
247,GCRA11,2.7111805583511974,2024-05,0.5132135577366361,0.08344491114706495,1.1026130090782995
248,GCRA11,2.7111805583511974,2024-06,0.34685365352864517,0.05469866898363693,1.0375776269544932
249,GCRA11,2.7111805583511974,2024-07,0.5384908400882614,0.07689785763283905,1.1088564186907661
250,GCRA11,2.7111805583511974,2024-08,0.679490582009989,0.08061097496254158,1.1570940384412427
251,GCRA11,2.7111805583511974,2024-09,5.626564814376271,0.1740920455373309,2.8372791394215997
252,GCRA11,2.7111805583511974,2024-10,2.78651858404124,0.16788017608451908,1.8885264394923187
253,GCRA11,2.7111805583511974,2024-11,2.764550377691885,0.1654420518804748,1.880390995974519
254,GCRA11,2.7111805583511974,2024-12,2.0647836732821343,0.17671909879051684,1.650894443474616
255,GCRA11,2.7111805583511974,2025-01,4.2849876207785496,0.15581460845349085,2.3839942625277457
256,GCRA11,2.7111805583511974,2025-02,2.2199408422567934,0.15588227195543425,1.695667890854475
257,GCRA11,2.7111805583511974,2025-03,0.8636879838541867,0.08260873611544775,1.2191590927736107
258,GCRA11,2.7111805583511974,2025-04,0.7505499642675034,0.07990179795922445,1.1805441068593086
259,GCRA11,2.7111805583511974,2025-05,0.505313575952787,0.0816145079165921,1.0993695474068588
260,GRWA11,0.4572461558902614,2023-03,0.00018767445608719794,0.10714303103337683,0.18819228712657513
261,GRWA11,0.4572461558902614,2023-04,0.06302928876456372,0.10880335470590459,0.20969293312024326
262,GRWA11,0.4572461558902614,2023-05,0.0021871584819341664,0.045186711647041314,0.16820667533974565
263,GRWA11,0.4572461558902614,2023-06,0.0017362975228590114,0.016581075733254083,0.15852117638212485
264,GRWA11,0.4572461558902614,2023-07,0.005782948163679956,0.045558636082932584,0.1695292467122913
265,GRWA11,0.4572461558902614,2023-08,0.0022681168014527715,0.10660645011605437,0.18870690760258954
266,GRWA11,0.4572461558902614,2023-09,0.00233815621179167,0.03131294247083697,0.16363241819096336
267,GRWA11,0.4572461558902614,2023-10,0.08743102018752398,0.11541619313962966,0.22003112307247172
268,GRWA11,0.4572461558902614,2023-11,0.010732718461144,0.058152274793890485,0.17537704971509863
269,GRWA11,0.4572461558902614,2023-12,0.009938595459723138,0.05255003692470776,0.17324492942489744
270,GRWA11,0.4572461558902614,2024-01,0.00949081225320124,0.0886077594120832,0.18511490918518195
271,GRWA11,0.4572461558902614,2024-02,0.06098788099675287,0.11789651064742394,0.21204351584481274
272,GRWA11,0.4572461558902614,2024-03,0.01720402958320981,0.07575284991866926,0.1834010117973802
273,GRWA11,0.4572461558902614,2024-04,0.03883413918784219,0.12698041783903483,0.2076869043057128
274,GRWA11,0.4572461558902614,2024-05,0.019852059517870814,0.09682430269975958,0.19130750603596394
275,GRWA11,0.4572461558902614,2024-06,0.00577927113307111,0.03940887179831733,0.1674780996072166
276,GRWA11,0.4572461558902614,2024-07,0.0042517031841870015,0.05967283644806888,0.17372356517417242
277,GRWA11,0.4572461558902614,2024-08,0.016440220727309978,0.05853401502030844,0.17740679721262662
278,GRWA11,0.4572461558902614,2024-09,0.12168791607083913,0.14800010365796934,0.2423113918730233
279,GRWA11,0.4572461558902614,2024-10,0.04841768695869108,0.12012986439468881,0.2085979024145471
280,GRWA11,0.4572461558902614,2024-11,0.013972136636560625,0.1212002127647805,0.19747283509720084
281,GRWA11,0.4572461558902614,2024-12,0.06628963789045489,0.1620111678716495,0.22851565388412196
282,GRWA11,0.4572461558902614,2025-01,0.0180518777625671,0.1277285102753065,0.201008847976045
283,GRWA11,0.4572461558902614,2025-02,0.05533889967835698,0.1226789666627615,0.21175467407712664
284,GRWA11,0.4572461558902614,2025-03,0.030611127134685903,0.10059411324646879,0.19615046542380535
285,GRWA11,0.4572461558902614,2025-04,0.009121605759185752,0.07282611363797623,0.17973129176247446
286,GRWA11,0.4572461558902614,2025-05,0.15455391530753876,0.15474379758470583,0.255514622927502
287,HGAG11,-8.226401633829576,2022-08,0.00505145194041252,0.002895608678057213,-2.7394848577370357
288,HGAG11,-8.226401633829576,2022-09,1.2153313286326393,0.10144930336433862,-2.303207000610866
289,HGAG11,-8.226401633829576,2022-10,0.001195436370194139,0.00579131722879673,-2.739804960076862
290,HGAG11,-8.226401633829576,2022-11,2.326357035913031,0.13110640655523928,-1.9229793971204356
291,HGAG11,-8.226401633829576,2022-12,5.324849191778126,0.09368465546485231,-0.9359559288621994
292,HGAG11,-8.226401633829576,2023-01,176.33078093085595,0.7530733092127807,56.28581753541306
293,HGAG11,-8.226401633829576,2023-02,2.9219279402603973,0.2229626087408736,-1.6938370282761017
294,HGAG11,-8.226401633829576,2023-03,14.269207768476281,0.46380532211103653,2.1688704855859138
295,HGAG11,-8.226401633829576,2023-04,1.4502350440307812,0.22727294160881745,-2.1829645493966594
296,HGAG11,-8.226401633829576,2023-05,2.3280798848056112,0.178809650708695,-1.9065040327717568
297,HGAG11,-8.226401633829576,2023-06,0.6474821412716297,0.1809305300082948,-2.4659963208498836
298,HGAG11,-8.226401633829576,2023-07,1.41227818606057,0.23069708931753377,-2.1944754528171573
299,HGAG11,-8.226401633829576,2023-08,0.7757747713504302,0.16348786478031246,-2.429046332566278
300,HGAG11,-8.226401633829576,2023-09,0.03087142570206079,0.03301878509176936,-2.720837141011915
301,HGAG11,-8.226401633829576,2023-10,0.1853645648345768,0.11917119943550741,-2.6406219565198303
302,HGAG11,-8.226401633829576,2023-11,0.09592719128319172,0.1408166667383767,-2.6632192586026693
303,HGAG11,-8.226401633829576,2023-12,1.0085297664354853,0.22693890983583123,-2.3303109858527535
304,HGAG11,-8.226401633829576,2024-01,0.939118006632295,0.2408604032882685,-2.348807741303004
305,HGAG11,-8.226401633829576,2024-02,1.4508094251196284,0.17900050813290774,-2.198863900192347
306,HGAG11,-8.226401633829576,2024-03,0.3972004035240232,0.13963759887436908,-2.563187877143728
307,HGAG11,-8.226401633829576,2024-04,0.6739743824121674,0.1580345234391782,-2.4647975759927436
308,HGAG11,-8.226401633829576,2024-05,1.7543791852576807,0.3046513150021768,-2.055790377856573
309,HGAG11,-8.226401633829576,2024-06,0.17604046463970144,0.1262857206928733,-2.641358482832334
310,HGAG11,-8.226401633829576,2024-07,0.6260985260089049,0.15859267660376825,-2.480570143738968
311,HGAG11,-8.226401633829576,2024-08,0.7685494466257117,0.17408720402889902,-2.427921661058322
312,HGAG11,-8.226401633829576,2024-09,0.5977002613133486,0.20318106845970418,-2.475173434685508
313,HGAG11,-8.226401633829576,2024-10,0.5835576383416751,0.15934065406402015,-2.4945011138079605
314,HGAG11,-8.226401633829576,2024-11,1.1077562431814383,0.31389357718408095,-2.2682506044880193
315,HGAG11,-8.226401633829576,2024-12,0.6930303389705847,0.2552083004659043,-2.4260543314643623
316,HGAG11,-8.226401633829576,2025-01,0.2545494493371884,0.2789969063604629,-2.5642850927106413
317,HGAG11,-8.226401633829576,2025-02,0.4843888673289419,0.3061538064692177,-2.4786196533438054
318,HGAG11,-8.226401633829576,2025-03,1.020726153175436,0.22402598787558628,-2.3272164975928518
319,HGAG11,-8.226401633829576,2025-04,1.0206462617931507,0.2681291924209509,-2.312542059871825
320,HGAG11,-8.226401633829576,2025-05,0.7755954861790494,0.13255360080210266,-2.4394175156161415
321,IAAG11,0.18379804794964796,2023-07,0.001939395808472153,0.02941204409484609,0.07171649595098874
322,IAAG11,0.18379804794964796,2023-08,0.002901531961623006,0.03369641441701509,0.07346533144276203
323,IAAG11,0.18379804794964796,2023-09,0.0036354574003593025,0.045000240277169264,0.07747791520905885
324,IAAG11,0.18379804794964796,2023-10,0.00524549533422684,0.10437363191374159,0.09780572506587214
325,IAAG11,0.18379804794964796,2023-11,0.0017374965025507396,0.04040396255667955,0.07531316900295941
326,IAAG11,0.18379804794964796,2023-12,0.043694365069571445,0.10404039671041668,0.11051093657654536
327,IAAG11,0.18379804794964796,2024-01,0.010783619770960064,0.05812684227145721,0.08423616999735507
328,IAAG11,0.18379804794964796,2024-02,0.006911720895236835,0.06996776850309187,0.08689251244932555
329,IAAG11,0.18379804794964796,2024-03,0.013710645847797328,0.07809130677426096,0.09186666685723542
330,IAAG11,0.18379804794964796,2024-04,0.0594196458375591,0.1016428543329395,0.11495351604004884
331,IAAG11,0.18379804794964796,2024-05,0.008094709019869252,0.12761722928523378,0.10650332875158368
332,IAAG11,0.18379804794964796,2024-06,0.1494371239343244,0.18565410694916315,0.1729630929443785
333,IAAG11,0.18379804794964796,2024-07,0.056938533010548124,0.08898313213351884,0.10990657103123831
334,IAAG11,0.18379804794964796,2024-08,0.18893603330713993,0.1416307898554416,0.17145495703740984
335,IAAG11,0.18379804794964796,2024-09,0.03354695839824716,0.10103866058009996,0.10612788897599836
336,IAAG11,0.18379804794964796,2024-10,0.1112339763314838,0.11568628531290032,0.1369061031980107
337,IAAG11,0.18379804794964796,2024-11,0.09909615768216797,0.15948273967852433,0.14745898177011343
338,IAAG11,0.18379804794964796,2024-12,0.3446320591174898,0.23898683007558622,0.2558056457142413
339,IAAG11,0.18379804794964796,2025-01,0.044412623487273706,0.10000006029082358,0.10940357724258175
340,IAAG11,0.18379804794964796,2025-02,0.010116838935554855,0.06624995535936848,0.08672161408152375
341,IAAG11,0.18379804794964796,2025-03,0.008095483803967076,0.04689474163282998,0.07959609112881501
342,IAAG11,0.18379804794964796,2025-04,0.0027092205172624733,0.09778357240508818,0.09476361362399954
343,IAAG11,0.18379804794964796,2025-05,0.007918683926110068,0.05890049962424108,0.08353907716666636
344,IAGR11,-0.19238916802319722,2023-02,0.003972465952110616,0.05990632432894537,-0.042836792580713746
345,IAGR11,-0.19238916802319722,2023-03,0.0013018641075878978,0.04856338433366844,-0.04750797319398029
346,IAGR11,-0.19238916802319722,2023-04,0.020759090433733716,0.12265767115665474,-0.01632413547760292
347,IAGR11,-0.19238916802319722,2023-05,0.0009060108019925208,0.05261575731697873,-0.04628913330140866
348,IAGR11,-0.19238916802319722,2023-06,0.0003951601550714674,0.02010273041103748,-0.05729709248569609
349,IAGR11,-0.19238916802319722,2023-07,0.03293783862163245,0.09575471082771782,-0.021232206191282313
350,IAGR11,-0.19238916802319722,2023-08,0.0032459456394339993,0.04420433296501237,-0.048312963139583616
351,IAGR11,-0.19238916802319722,2023-09,0.030370979164007824,0.06718156664506776,-0.03161220740470721
352,IAGR11,-0.19238916802319722,2023-10,0.024756347335038235,0.08053323205412598,-0.02903319621134434
353,IAGR11,-0.19238916802319722,2023-11,0.1262184433263985,0.3942505304739607,0.109359935259054
354,IAGR11,-0.19238916802319722,2023-12,0.3552352111248941,0.48280807569267115,0.2152180395981227
355,IAGR11,-0.19238916802319722,2024-01,0.036311731907002265,0.1888246985130877,0.01091575413229758
356,IAGR11,-0.19238916802319722,2024-02,0.011749768953777672,0.11394873960702648,-0.022230219820797693
357,IAGR11,-0.19238916802319722,2024-03,0.04467391399258214,0.2219872916558357,0.024757345875073538
358,IAGR11,-0.19238916802319722,2024-04,0.009372650735670132,0.16341464824064653,-0.006533956348960192
359,IAGR11,-0.19238916802319722,2024-05,0.01988485853666564,0.17424227348413024,0.0005793213325328839
360,IAGR11,-0.19238916802319722,2024-06,0.03760245890102242,0.20110187408859836,0.015438388322141191
361,IAGR11,-0.19238916802319722,2024-07,0.012516827191858537,0.14534887211728317,-0.01150782290468517
362,IAGR11,-0.19238916802319722,2024-08,0.015235570438898935,0.14367814489717914,-0.011158484229039709
363,IAGR11,-0.19238916802319722,2024-09,0.013990452835317791,0.12994354871742966,-0.016151722156816584
364,IAGR11,-0.19238916802319722,2024-10,0.013669847154449978,0.1561561910473185,-0.007521043273809582
365,IAGR11,-0.19238916802319722,2024-11,0.007186187766385483,0.1242040573884258,-0.020332974289461975
366,IAGR11,-0.19238916802319722,2024-12,0.011678236031309484,0.14893617532588507,-0.010591585555334218
367,IAGR11,-0.19238916802319722,2025-01,0.0186231104597612,0.2656250105813371,0.03061965100596702
368,IAGR11,-0.19238916802319722,2025-02,0.057236541637048284,0.27083334410011217,0.04522690590465441
369,IAGR11,-0.19238916802319722,2025-03,0.010199078547542647,0.11519613313925763,-0.022331318778798983
370,IAGR11,-0.19238916802319722,2025-04,0.0016716843497844537,0.038834941284800854,-0.0506275141295373
371,IAGR11,-0.19238916802319722,2025-05,0.01117583000267993,0.1554054162901103,-0.008602640576802332
372,JGPX11,3.9121004558814105,2021-11,0.022364502730300356,0.05445544554455456,1.3296401347187552
373,JGPX11,3.9121004558814105,2021-12,1.734154747775299,0.09260909877794091,1.9129547674782168
374,JGPX11,3.9121004558814105,2022-01,0.3490933222648274,0.04730486964542095,1.4361662159305528
375,JGPX11,3.9121004558814105,2022-02,0.39687843265670514,0.058823776896420966,1.4559342218115123
376,JGPX11,3.9121004558814105,2022-03,0.170738324584986,0.06240104617579038,1.3817466088807289
377,JGPX11,3.9121004558814105,2022-04,0.23663775342295632,0.04405931192144587,1.3975991737419375
378,JGPX11,3.9121004558814105,2022-05,0.2139575872838623,0.03256199626232426,1.386206679809199
379,JGPX11,3.9121004558814105,2022-06,0.07944485930040632,0.03000014522748511,1.3405151534697675
380,JGPX11,3.9121004558814105,2022-07,0.3191713480682157,0.03644043151528329,1.4225707451549698
381,JGPX11,3.9121004558814105,2022-08,0.18520961186971147,0.029393929205648376,1.3755679989855902
382,JGPX11,3.9121004558814105,2022-09,0.08262741846414191,0.03471020322989395,1.3431460258584822
383,JGPX11,3.9121004558814105,2022-10,0.30859110534889955,0.042950958537522094,1.421214173255944
384,JGPX11,3.9121004558814105,2022-11,0.15466195108957145,0.054105089516078356,1.37362249882902
385,JGPX11,3.9121004558814105,2022-12,0.31908070311543313,0.05456769057513664,1.4285829498573266
386,JGPX11,3.9121004558814105,2023-01,0.3259245049335816,0.04925883863969372,1.4290945998182287
387,JGPX11,3.9121004558814105,2023-02,0.11726458321843294,0.02691088686327914,1.3520919753210408
388,JGPX11,3.9121004558814105,2023-03,0.3304756594524317,0.04930637791951618,1.4306274977511195
389,JGPX11,3.9121004558814105,2023-04,0.13029603590164984,0.03636172486535397,1.3595860722161381
390,JGPX11,3.9121004558814105,2023-05,0.458888352051661,0.07961158729581146,1.4835334650762944
391,JGPX11,3.9121004558814105,2023-06,0.21271290280953042,0.06094800873241549,1.3952537891411187
392,JGPX11,3.9121004558814105,2023-07,0.567303353031208,0.03550934973192033,1.5049710528815128
393,JGPX11,3.9121004558814105,2023-08,0.14750503662074596,0.0537300753762526,1.3711118559594697
394,JGPX11,3.9121004558814105,2023-09,1.9563028725470077,0.09160001942546246,1.9866677826179604
395,JGPX11,3.9121004558814105,2023-10,0.4274094404011165,0.05386196654994377,1.4644572876108235
396,JGPX11,3.9121004558814105,2023-11,0.5221880773007048,0.11054951461318886,1.5149460159317683
397,JGPX11,3.9121004558814105,2023-12,0.6169254057135268,0.04665546727575369,1.5252271096235637
398,JGPX11,3.9121004558814105,2024-01,0.24165704824342113,0.04253069369255456,1.3987627326057952
399,JGPX11,3.9121004558814105,2024-02,0.35629996615333415,0.05721002343716547,1.4418701484906367
400,JGPX11,3.9121004558814105,2024-03,0.3342110081811829,0.04137580157968897,1.4292290885474275
401,JGPX11,3.9121004558814105,2024-04,0.6481399694018875,0.04954227286501899,1.5365942327161057
402,JGPX11,3.9121004558814105,2024-05,1.0814336870529897,0.057734124860271865,1.683756089264891
403,JGPX11,3.9121004558814105,2024-06,1.8962105816751182,0.07229893741149022,1.9602033249893396
404,JGPX11,3.9121004558814105,2024-07,0.9239430868380513,0.07378992514359614,1.6366111559543526
405,JGPX11,3.9121004558814105,2024-08,3.2201478989330123,0.0787687018270694,2.403672352213831
406,JGPX11,3.9121004558814105,2024-09,37.23268262099386,0.2534416504302645,13.799408242435177
407,JGPX11,3.9121004558814105,2024-10,1.4029364914360938,0.0845072386591175,1.7998480619922075
408,JGPX11,3.9121004558814105,2024-11,4.570698038228976,0.1570696620238685,2.879956052044752
409,JGPX11,3.9121004558814105,2024-12,6.530660537603946,0.20000002390002913,3.5475870057951293
410,JGPX11,3.9121004558814105,2025-01,5.266116193068293,0.15670894029232676,3.1116418630806773
411,JGPX11,3.9121004558814105,2025-02,3.5908527505921,0.14897353548668602,2.550642247320065
412,JGPX11,3.9121004558814105,2025-03,9.799672738086803,0.1772836471990952,4.629685613722436
413,JGPX11,3.9121004558814105,2025-04,0.7654236645396381,0.08865150117883175,1.5887252071999598
414,JGPX11,3.9121004558814105,2025-05,1.8695610005650454,0.09445749825911638,1.9587063182351905
415,KNCA11,7.469736724360118,2022-01,1.6117871321779438,0.06365071228791991,3.0483915229419942
416,KNCA11,7.469736724360118,2022-02,0.3021149560059383,0.035483541237445286,2.6024450738678335
417,KNCA11,7.469736724360118,2022-03,0.8021802549146487,0.07146735369215426,2.781128110988974
418,KNCA11,7.469736724360118,2022-04,0.39716561233924597,0.051457869628088446,2.639453402109151
419,KNCA11,7.469736724360118,2022-05,1.9449425582863957,0.13173719040310605,3.1821388243498734
420,KNCA11,7.469736724360118,2022-06,1.1470898563028507,0.04545462299099314,2.8874270678846536
421,KNCA11,7.469736724360118,2022-07,0.2860181672935172,0.04831249467643603,2.601355795443357
422,KNCA11,7.469736724360118,2022-08,0.17349341532872503,0.03131080114272791,2.5581803136105234
423,KNCA11,7.469736724360118,2022-09,0.30054575895077557,0.03306452859922648,2.6011156706367067
424,KNCA11,7.469736724360118,2022-10,0.6270295021952625,0.07644264855428691,2.7244029583698897
425,KNCA11,7.469736724360118,2022-11,0.9520950654923269,0.05148943563411579,2.8244404084955197
426,KNCA11,7.469736724360118,2022-12,0.5876060918857053,0.03805975896269362,2.6984675250695056
427,KNCA11,7.469736724360118,2023-01,1.4101201508480032,0.0506787894486571,2.9768452215522596
428,KNCA11,7.469736724360118,2023-02,0.39015364284614523,0.034661637875425685,2.6315173350272296
429,KNCA11,7.469736724360118,2023-03,0.2796336012616592,0.0360628670161373,2.5951443975459716
430,KNCA11,7.469736724360118,2023-04,0.4872326431903436,0.03665447510122864,2.664541280883897
431,KNCA11,7.469736724360118,2023-05,0.46680896058389587,0.033308629459582496,2.6566181048011983
432,KNCA11,7.469736724360118,2023-06,0.33180817755145947,0.03605553217226561,2.6125334780279474
433,KNCA11,7.469736724360118,2023-07,0.26016437484036914,0.02386932501858253,2.5845901414063563
434,KNCA11,7.469736724360118,2023-08,0.33450536950282944,0.027022086293163394,2.61042139338537
435,KNCA11,7.469736724360118,2023-09,0.26917735473785226,0.03139150850587865,2.5901018625346164
436,KNCA11,7.469736724360118,2023-10,0.12146730790516154,0.02844968315312408,2.5398845718061347
437,KNCA11,7.469736724360118,2023-11,0.17468445002083222,0.021376619745921834,2.555265931375624
438,KNCA11,7.469736724360118,2023-12,0.2961916270501648,0.03149070779500127,2.5991396864017613
439,KNCA11,7.469736724360118,2024-01,0.08870234266809916,0.01877562517106738,2.525738230733095
440,KNCA11,7.469736724360118,2024-02,0.07460515281232655,0.01790820325928907,2.520750026810578
441,KNCA11,7.469736724360118,2024-03,0.651381756277694,0.03697995231675944,2.7193661443181902
442,KNCA11,7.469736724360118,2024-04,0.3255848808489912,0.03051096423975916,2.6086108564829558
443,KNCA11,7.469736724360118,2024-05,0.27376939184694776,0.0278046533834679,2.5904369231968443
444,KNCA11,7.469736724360118,2024-06,0.12469874441545634,0.02761567912829737,2.540683715967957
445,KNCA11,7.469736724360118,2024-07,0.2780176807761591,0.02199299720642716,2.589915800780901
446,KNCA11,7.469736724360118,2024-08,1.3842875026073826,0.04432235861853073,2.966115528528677
447,KNCA11,7.469736724360118,2024-09,0.2897246404286849,0.03186023360448319,2.597107199464429
448,KNCA11,7.469736724360118,2024-10,6.926162605083206,0.11886140530596077,4.838253578249762
449,KNCA11,7.469736724360118,2024-11,1.9542162441029296,0.06607515732178534,3.1633427085949446
450,KNCA11,7.469736724360118,2024-12,11.772365841469425,0.15324328342398083,6.465115283084507
451,KNCA11,7.469736724360118,2025-01,9.38024741292393,0.13402175700800578,5.6613352980973515
452,KNCA11,7.469736724360118,2025-02,9.253543415183291,0.11879029039294496,5.614023476645451
453,KNCA11,7.469736724360118,2025-03,4.1451158075288275,0.09638555821880901,3.9037460300359186
454,KNCA11,7.469736724360118,2025-04,1.7288289638783452,0.06120132359389217,3.0865890039441184
455,KNCA11,7.469736724360118,2025-05,1.2641602351296857,0.04682440718067399,2.926907122223492
456,KOPA11,14.530794181454803,2024-01,696.1487377772736,0.11872037911286543,236.93275077928044
457,KOPA11,14.530794181454803,2024-02,89.8500733940923,0.06041639175582488,34.81376132243431
458,KOPA11,14.530794181454803,2024-03,14.184812288904928,0.037434894089802655,9.584347121483178
459,KOPA11,14.530794181454803,2024-04,28.258931921577158,0.043542070978378214,14.277756058003446
460,KOPA11,14.530794181454803,2024-05,154.53234227622892,0.08020339842694864,56.381113285370226
461,KOPA11,14.530794181454803,2024-06,303.41151541632274,0.1144828389238681,106.0189308122338
462,KOPA11,14.530794181454803,2024-07,125.16672054238498,0.07547160802806642,46.590995443955954
463,KOPA11,14.530794181454803,2024-08,99.64156792895,0.04919551456095887,38.073852541655256
464,KOPA11,14.530794181454803,2024-09,203.77387784889964,0.10818286975132864,72.80428496670193
465,KOPA11,14.530794181454803,2024-10,1246.599997375707,0.15323968290389145,420.42801041335525
466,KOPA11,14.530794181454803,2024-11,709.1069908277257,0.16064391831446947,241.26614297583163
467,KOPA11,14.530794181454803,2024-12,311.90019965618274,0.1046406900835434,108.84521150924036
468,KOPA11,14.530794181454803,2025-01,333.40032473009387,0.0987681062093527,116.00996233925268
469,KOPA11,14.530794181454803,2025-02,1663.5475567446192,0.13703395867792253,559.4051282949173
470,KOPA11,14.530794181454803,2025-03,81.25394135469347,0.12615421880717415,31.97029658498515
471,KOPA11,14.530794181454803,2025-04,591.1806746604361,0.1003211235925976,201.93726332182783
472,KOPA11,14.530794181454803,2025-05,269.91340889726536,0.07425213736627052,94.83948507202881
474,LSAG11,1.0705432784883548,2022-05,0.0,0.0,0.3568477594961183
475,LSAG11,1.0705432784883548,2022-06,0.0,0.0,0.3568477594961183
476,LSAG11,1.0705432784883548,2022-07,2.479537781793624,0.0318182219534776,1.193966427411819
477,LSAG11,1.0705432784883548,2022-08,1.4448014330950876,0.06703746260400371,0.8607940580624821
478,LSAG11,1.0705432784883548,2022-09,0.23335596156243224,0.028571520471157238,0.44415692017398145
479,LSAG11,1.0705432784883548,2022-10,2.685656457828156,0.09096561509904066,1.2823884504718506
480,LSAG11,1.0705432784883548,2022-11,4.356519891802039,0.10252312092356342,1.8431954304046523
481,LSAG11,1.0705432784883548,2022-12,2.8966387273339906,0.17829471944387346,1.3818255750887396
482,LSAG11,1.0705432784883548,2023-01,0.37607262295682403,0.05281839968369121,0.4998114337096234
483,LSAG11,1.0705432784883548,2023-02,0.5863868161160517,0.04215579709256891,0.5663619638989918
484,LSAG11,1.0705432784883548,2023-03,0.26156494724319723,0.024186249594941294,0.4520981584421644
485,LSAG11,1.0705432784883548,2023-04,0.16434834262334747,0.032258075178553273,0.4223832320967518
486,LSAG11,1.0705432784883548,2023-05,0.19768373236199085,0.03244235381663024,0.433556454888992
487,LSAG11,1.0705432784883548,2023-06,0.6905472652276731,0.037036903253670615,0.5993758156565662
488,LSAG11,1.0705432784883548,2023-07,1.8758402135487156,0.09628256810542792,1.0142220200474996
489,LSAG11,1.0705432784883548,2023-08,0.6436392874611999,0.05532311133747594,0.5898352257623436
490,LSAG11,1.0705432784883548,2023-09,0.35387511189367166,0.0546693502547803,0.4930292468789356
491,LSAG11,1.0705432784883548,2023-10,0.33982062272392444,0.06264208884258005,0.4910019966849531
492,LSAG11,1.0705432784883548,2023-11,1.0052967526282337,0.08430095609788699,0.7200469957381586
493,LSAG11,1.0705432784883548,2023-12,0.9851666620458155,0.056027233716345604,0.7039123914168387
494,LSAG11,1.0705432784883548,2024-01,1.6935842908030598,0.07868303391136448,0.9476035344009265
495,LSAG11,1.0705432784883548,2024-02,0.7023508042536393,0.062241051506111096,0.6117117114160351
496,LSAG11,1.0705432784883548,2024-03,8.255987997891706,0.28626097051345534,3.2042640822978385
497,LSAG11,1.0705432784883548,2024-04,0.4825618003921739,0.05586964022764129,0.53632490636939
498,LSAG11,1.0705432784883548,2024-05,0.5909957565855162,0.04502565698352159,0.5688548973524642
499,LSAG11,1.0705432784883548,2024-06,5.419759297143862,0.09513592239847359,2.1951461660102303
500,LSAG11,1.0705432784883548,2024-07,2.5273792054354476,0.08187139105606492,1.2265979583266224
501,LSAG11,1.0705432784883548,2024-08,2.3566841435207397,0.10320538946140781,1.1768109371568343
502,LSAG11,1.0705432784883548,2024-09,0.6850424435271518,0.06497801865626981,0.6068545802239255
503,LSAG11,1.0705432784883548,2024-10,2.9349694905770956,0.08633872134193685,1.3639504968024625
504,LSAG11,1.0705432784883548,2024-11,0.9390188846599012,0.05366866518145318,0.6877436094432364
505,LSAG11,1.0705432784883548,2024-12,8.61677930317294,0.14279994960492098,3.276707510422072
506,LSAG11,1.0705432784883548,2025-01,0.9190930131614652,0.08585709143436517,0.6918311276947283
507,LSAG11,1.0705432784883548,2025-02,2.659168921905891,0.09862814535609259,1.2761134485834462
508,LSAG11,1.0705432784883548,2025-03,8.481175162525675,0.16374127961079946,3.23848657354161
509,LSAG11,1.0705432784883548,2025-04,2.8852554557990713,0.09641659923174203,1.3507384445063895
510,LSAG11,1.0705432784883548,2025-05,0.7023297649412261,0.051298661665482956,0.608057235031688
511,OIAG11,0.16451250427352798,2022-05,0.04315270773868835,0.09264676390564247,0.1001039919726196
512,OIAG11,0.16451250427352798,2022-06,0.07521613230502097,0.18669551597969075,0.1421413841860799
513,OIAG11,0.16451250427352798,2022-07,0.019083868623648734,0.08131727165927984,0.08830454818548551
514,OIAG11,0.16451250427352798,2022-08,0.003224692102324461,0.10716125116565017,0.09163281584716754
515,OIAG11,0.16451250427352798,2022-09,0.0049069385703239665,0.07549029295797365,0.08163657860060852
516,OIAG11,0.16451250427352798,2022-10,0.04532020302437329,0.11429851783853824,0.1080437417121465
517,OIAG11,0.16451250427352798,2022-11,0.0077366011264891,0.07837585765423798,0.08354165435141836
518,OIAG11,0.16451250427352798,2022-12,0.004064398548355977,0.04134951941708217,0.06997547407965538
519,OIAG11,0.16451250427352798,2023-01,0.012492333225611565,0.07116431692212892,0.08272305147375615
520,OIAG11,0.16451250427352798,2023-02,0.012568069138693733,0.06340705483979886,0.08016254275067353
521,OIAG11,0.16451250427352798,2023-03,0.019770088429466783,0.08135258077787912,0.08854505782695797
522,OIAG11,0.16451250427352798,2023-04,0.1218276123386171,0.13536779992363865,0.14056930551192792
523,OIAG11,0.16451250427352798,2023-05,0.003907556759903124,0.05993099150072011,0.07611701751138374
524,OIAG11,0.16451250427352798,2023-06,0.004842751538077108,0.0440472798994335,0.0711341785703462
525,OIAG11,0.16451250427352798,2023-07,0.014619935923902086,0.07511925334134593,0.08475056451292534
526,OIAG11,0.16451250427352798,2023-08,0.002854187390233316,0.04464159081190694,0.07066942749188941
527,OIAG11,0.16451250427352798,2023-09,0.001903539769737823,0.034013824470203104,0.0668099561711563
528,OIAG11,0.16451250427352798,2023-10,0.002495733971631272,0.04157984665533617,0.06952936163349847
529,OIAG11,0.16451250427352798,2023-11,0.0027525570947978814,0.043991456088790376,0.07041883915237208
530,OIAG11,0.16451250427352798,2023-12,0.009997924825843364,0.05999025707246642,0.07816689539061258
531,OIAG11,0.16451250427352798,2024-01,0.001574007298920241,0.027404368463263284,0.06449696001190383
532,OIAG11,0.16451250427352798,2024-02,0.013399275522050785,0.07409315666701773,0.08400164548753215
533,OIAG11,0.16451250427352798,2024-03,0.0013094265693295748,0.02984918739189837,0.06522370607825198
534,OIAG11,0.16451250427352798,2024-04,0.003472575506356626,0.037344429629927726,0.06844316980327078
535,OIAG11,0.16451250427352798,2024-05,0.003133723164037453,0.05294113079610774,0.07352911941122439
536,OIAG11,0.16451250427352798,2024-06,0.02295262252339722,0.07596051617116416,0.08780854765602979
537,OIAG11,0.16451250427352798,2024-07,0.005987565468920166,0.051325798879079995,0.07394195620717604
538,OIAG11,0.16451250427352798,2024-08,0.006074875960936803,0.06706582226766092,0.07921773416737524
539,OIAG11,0.16451250427352798,2024-09,0.008588345705952672,0.04363644571062412,0.07224576523003493
540,OIAG11,0.16451250427352798,2024-10,0.023742278902277446,0.08060452509307052,0.08961976942295864
541,OIAG11,0.16451250427352798,2024-11,0.008881699798005993,0.06410255930410609,0.07916558779188003
542,OIAG11,0.16451250427352798,2024-12,0.0647213938066275,0.14583560952751318,0.1250231692025562
543,OIAG11,0.16451250427352798,2025-01,0.004604738773845556,0.0540540662449235,0.07439043643076569
544,OIAG11,0.16451250427352798,2025-02,0.005273342196368905,0.09875066648493204,0.08951217098494298
545,OIAG11,0.16451250427352798,2025-03,0.017178865329469245,0.0756185369271065,0.0857699688433679
546,OIAG11,0.16451250427352798,2025-04,0.02762121626151308,0.10014359405397011,0.0974257715296704
547,OIAG11,0.16451250427352798,2025-05,0.009342463733363223,0.04426709333685036,0.0727073537812472
548,PLCA11,1.1239279337574397,2022-08,1.4972234097216532,0.08133983718743981,0.9008303935555109
549,PLCA11,1.1239279337574397,2022-09,0.6166304129527478,0.03940383051238732,0.5933207257408583
550,PLCA11,1.1239279337574397,2022-10,0.5559755201244586,0.08128787300403029,0.5870637756286429
551,PLCA11,1.1239279337574397,2022-11,0.5066303855447596,0.05284988263429416,0.5611360673121645
552,PLCA11,1.1239279337574397,2022-12,3.337739862187565,0.14374318195731287,1.5351369926341059
553,PLCA11,1.1239279337574397,2023-01,2.094213966716067,0.10178211142767932,1.1066413373003952
554,PLCA11,1.1239279337574397,2023-02,1.2603299714433134,0.06114100785423161,0.8151329710183283
555,PLCA11,1.1239279337574397,2023-03,4.95614893528167,0.1094947718490471,2.0631905469627188
556,PLCA11,1.1239279337574397,2023-04,1.5536834456077822,0.11071443575766848,0.9294419383742967
557,PLCA11,1.1239279337574397,2023-05,0.3348897538447637,0.05651198895033191,0.5051098921841785
558,PLCA11,1.1239279337574397,2023-06,4.134107954153761,0.10430093348610603,1.7874456071324356
559,PLCA11,1.1239279337574397,2023-07,1.3075681317027472,0.052777648721273114,0.8280912380604866
560,PLCA11,1.1239279337574397,2023-08,0.46280839026015824,0.03835872685042143,0.5416983502893399
561,PLCA11,1.1239279337574397,2023-09,0.19560935088713302,0.07195644174827621,0.4638312421309497
562,PLCA11,1.1239279337574397,2023-10,0.44938740300704333,0.0660366033848574,0.5464506467164468
563,PLCA11,1.1239279337574397,2023-11,1.2529036505510565,0.07267408177330843,0.8165018886939347
564,PLCA11,1.1239279337574397,2023-12,1.298627072539344,0.12219110043246513,0.8482487022430828
565,PLCA11,1.1239279337574397,2024-01,0.7909473409616432,0.07943091762402107,0.6647687307810347
566,PLCA11,1.1239279337574397,2024-02,1.0784074542971427,0.06839087951762002,0.7569087558574008
567,PLCA11,1.1239279337574397,2024-03,0.5090093074300599,0.03988992087073385,0.5576090540194112
568,PLCA11,1.1239279337574397,2024-04,0.18253632264457653,0.035679980476556274,0.44738141229285744
569,PLCA11,1.1239279337574397,2024-05,0.7571209660699748,0.06346820881980253,0.6481723695490724
570,PLCA11,1.1239279337574397,2024-06,0.307064190068005,0.05229475762013151,0.4944289604818588
571,PLCA11,1.1239279337574397,2024-07,0.4920500653522925,0.05962236822950198,0.5585334557797448
572,PLCA11,1.1239279337574397,2024-08,0.30694753248091783,0.039792943349829274,0.49022280319606226
573,PLCA11,1.1239279337574397,2024-09,0.4400018770374448,0.04130174191549052,0.5350771842367917
574,PLCA11,1.1239279337574397,2024-10,2.199440293405946,0.08831177114531312,1.1372266661028994
575,PLCA11,1.1239279337574397,2024-11,1.0110181535980385,0.07515266441154285,0.7366995839223404
576,PLCA11,1.1239279337574397,2024-12,3.269351788358867,0.12299531770268744,1.5054250132729983
577,PLCA11,1.1239279337574397,2025-01,1.0645842454480416,0.07174424125174214,0.7534188068190745
578,PLCA11,1.1239279337574397,2025-02,5.856986200124106,0.10757086787073658,2.3628283339174274
579,PLCA11,1.1239279337574397,2025-03,4.762505568882917,0.1308641273972438,2.0057658766792
580,PLCA11,1.1239279337574397,2025-04,1.4429576245047588,0.09288585739862672,0.8865904718869416
581,PLCA11,1.1239279337574397,2025-05,0.5451478527725756,0.04069052346386438,0.5699221033312932
582,RURA11,0.5399241814207324,2022-03,0.004306080201056945,0.06747891120048365,0.20390305760742433
583,RURA11,0.5399241814207324,2022-04,0.004477568452816414,0.03928906334221987,0.19456360440525622
584,RURA11,0.5399241814207324,2022-05,0.006507378906846576,0.052780354180292366,0.1997373048359571
585,RURA11,0.5399241814207324,2022-06,0.004670521701822015,0.048544118267871236,0.1977129404634752
586,RURA11,0.5399241814207324,2022-07,0.005466424606800976,0.045062434752449955,0.19681768025999447
587,RURA11,0.5399241814207324,2022-08,0.011923951891660116,0.06307972569878624,0.20497595300372626
588,RURA11,0.5399241814207324,2022-09,0.004799231598338874,0.05268033564385417,0.19913458288764183
589,RURA11,0.5399241814207324,2022-10,0.002788662960802731,0.04536822043769258,0.19602702160640925
590,RURA11,0.5399241814207324,2022-11,0.0030274383670982515,0.04343755416147112,0.1954630579831006
591,RURA11,0.5399241814207324,2022-12,0.005450618947537029,0.04761918068609546,0.197664660351455
592,RURA11,0.5399241814207324,2023-01,0.0070332725125722825,0.052581918202773636,0.19984645737869275
593,RURA11,0.5399241814207324,2023-02,0.005998466503188873,0.045282845940775585,0.19706849795489897
594,RURA11,0.5399241814207324,2023-03,0.003969435430401171,0.04400734637789184,0.19596698774300847
595,RURA11,0.5399241814207324,2023-04,0.0055256430371181855,0.04942962696905322,0.1982931504756346
596,RURA11,0.5399241814207324,2023-05,0.008894267234386487,0.047847257039119864,0.19888856856474624
597,RURA11,0.5399241814207324,2023-06,0.0031236352137550823,0.04905691247495163,0.19736824303647968
598,RURA11,0.5399241814207324,2023-07,0.003719126873150806,0.052680502036476666,0.1987746034434533
599,RURA11,0.5399241814207324,2023-08,0.002881353439437552,0.030755122215484373,0.19118688569188477
600,RURA11,0.5399241814207324,2023-09,0.0027002581548272943,0.024390334398203213,0.189004924657921
601,RURA11,0.5399241814207324,2023-10,0.007045941371099038,0.043238313749105174,0.19673614551364552
602,RURA11,0.5399241814207324,2023-11,0.007134021450845271,0.03775326059428217,0.19493715448861995
603,RURA11,0.5399241814207324,2023-12,0.004277245096286627,0.050541726623316505,0.19824771771344515
604,RURA11,0.5399241814207324,2024-01,0.03054655085356636,0.08417217895118011,0.2182143037418263
605,RURA11,0.5399241814207324,2024-02,0.013801523151727113,0.06060608435756262,0.20477726297667406
606,RURA11,0.5399241814207324,2024-03,0.006648393053975087,0.05791497302780551,0.20149584916750432
607,RURA11,0.5399241814207324,2024-04,0.0037879051676375257,0.04322221502761085,0.1956447672053269
608,RURA11,0.5399241814207324,2024-05,0.004168659934838842,0.03535354047947007,0.19314879394501375
609,RURA11,0.5399241814207324,2024-06,0.005011855749031013,0.04387757472424472,0.19627120396466935
610,RURA11,0.5399241814207324,2024-07,0.016001937519069375,0.054822468980020286,0.20358286263994071
611,RURA11,0.5399241814207324,2024-08,0.034427933056359036,0.08506439536940934,0.21980550328216694
612,RURA11,0.5399241814207324,2024-09,0.004823291950614312,0.03096919753504504,0.19190555696879721
613,RURA11,0.5399241814207324,2024-10,0.22852304223638836,0.2512979258904203,0.3399150498491803
614,RURA11,0.5399241814207324,2024-11,0.05511853783733864,0.17094018530730043,0.25532763485512383
615,RURA11,0.5399241814207324,2024-12,0.052188456675820234,0.13190952628900535,0.24134072146185268
616,RURA11,0.5399241814207324,2025-01,0.026261610734448607,0.0948051700088381,0.22033032072133973
617,RURA11,0.5399241814207324,2025-02,0.028412699203382314,0.09114927536084286,0.21982871866165252
618,RURA11,0.5399241814207324,2025-03,0.013204015890831132,0.05422441588114024,0.20245087106423457
619,RURA11,0.5399241814207324,2025-04,0.01932638956319291,0.06625007444326499,0.20850021514239678
620,RURA11,0.5399241814207324,2025-05,0.05110385927057467,0.09080459530719878,0.22727754533283528
621,RZAG11,0.6409460568984184,2021-10,0.007909817204758583,0.1445457075232094,0.26446719387546214
622,RZAG11,0.6409460568984184,2021-11,0.023415834643989622,0.12151392104698545,0.2619586041964645
623,RZAG11,0.6409460568984184,2021-12,0.015505098557291838,0.10000043690501279,0.2521505307869077
624,RZAG11,0.6409460568984184,2022-01,0.003774472457379643,0.10764572835958999,0.250788752571796
625,RZAG11,0.6409460568984184,2022-02,0.003413916839482671,0.05577301106621549,0.2333776616013722
626,RZAG11,0.6409460568984184,2022-03,0.0013953374619562436,0.05431611366074966,0.23221916934037476
627,RZAG11,0.6409460568984184,2022-04,0.004692961008557952,0.07282919131425032,0.23948940307374225
628,RZAG11,0.6409460568984184,2022-05,0.0008469126516245486,0.02840347031511221,0.22339881328838507
629,RZAG11,0.6409460568984184,2022-06,0.0014964942804740543,0.03267315399819179,0.22503856839236144
630,RZAG11,0.6409460568984184,2022-07,0.004254755268254281,0.049322827278118604,0.23150787981493046
631,RZAG11,0.6409460568984184,2022-08,0.003302784470821794,0.060150233095077256,0.23479969148810584
632,RZAG11,0.6409460568984184,2022-09,0.009473329801495059,0.06197161414345066,0.23746366694778806
633,RZAG11,0.6409460568984184,2022-10,0.009475658884688725,0.05714281470182091,0.235854843494976
634,RZAG11,0.6409460568984184,2022-11,0.019054023406832574,0.07495254707539775,0.24498420912688293
635,RZAG11,0.6409460568984184,2022-12,0.008076065089825812,0.044943806793138676,0.231321976260461
636,RZAG11,0.6409460568984184,2023-01,0.006302110870279384,0.050256394568757384,0.23250152077915176
637,RZAG11,0.6409460568984184,2023-02,0.004657481862024907,0.044897877243734514,0.23016713866805927
638,RZAG11,0.6409460568984184,2023-03,0.003680163252808445,0.055727689210226,0.23345130312048426
639,RZAG11,0.6409460568984184,2023-04,0.009393531582248829,0.07057563563757457,0.24030507470608065
640,RZAG11,0.6409460568984184,2023-05,0.008285097170392691,0.06044542585324584,0.23655885997401901
641,RZAG11,0.6409460568984184,2023-06,0.005914169406553754,0.03911224131360333,0.22865748920619186
642,RZAG11,0.6409460568984184,2023-07,0.002987172499118008,0.03684232610421268,0.22692518516724972
643,RZAG11,0.6409460568984184,2023-08,0.011696085500738586,0.06955637031584715,0.24073283757166808
644,RZAG11,0.6409460568984184,2023-09,0.003964271129978771,0.04052700637370104,0.22847911146736608
645,RZAG11,0.6409460568984184,2023-10,0.0018363108225495355,0.02834027767749146,0.22370754846615315
646,RZAG11,0.6409460568984184,2023-11,0.004103647933765472,0.037578304234503784,0.22754266968889592
647,RZAG11,0.6409460568984184,2023-12,0.0012400357360736435,0.03636380566850169,0.22618329943433127
648,RZAG11,0.6409460568984184,2024-01,0.001622901064318957,0.027778045947941397,0.2234490013035596
649,RZAG11,0.6409460568984184,2024-02,0.002101497471676342,0.02950826005918176,0.2241852714764255
650,RZAG11,0.6409460568984184,2024-03,0.013710364590917025,0.0526316395995116,0.23576268702961567
651,RZAG11,0.6409460568984184,2024-04,0.0032791918880203754,0.038636271229812946,0.22762050667208392
652,RZAG11,0.6409460568984184,2024-05,0.008162911551909253,0.05131157886502076,0.23347351577178285
653,RZAG11,0.6409460568984184,2024-06,0.006291466216412698,0.04088811356221179,0.229375212225681
654,RZAG11,0.6409460568984184,2024-07,0.005244787949757122,0.03751462346495824,0.22790182277104462
655,RZAG11,0.6409460568984184,2024-08,0.039507127267474976,0.08333334639853103,0.25459551018814147
656,RZAG11,0.6409460568984184,2024-09,0.022980634769783077,0.07349669568132192,0.24580779578317447
657,RZAG11,0.6409460568984184,2024-10,0.01025753896844751,0.06635063517069532,0.23918474367918707
658,RZAG11,0.6409460568984184,2024-11,0.002791387214736193,0.03439808738889959,0.2260451771673514
659,RZAG11,0.6409460568984184,2024-12,0.06901847270163101,0.12515486931639028,0.27837313297214655
660,RZAG11,0.6409460568984184,2025-01,0.005506098328501059,0.06034480131870951,0.23559898551520964
661,RZAG11,0.6409460568984184,2025-02,0.024331395508562812,0.0617434427112916,0.2423402983727576
662,RZAG11,0.6409460568984184,2025-03,0.048190157909658166,0.08256886376814838,0.257235026192075
663,RZAG11,0.6409460568984184,2025-04,0.020337540469550032,0.06553669625043186,0.24227343120613345
664,RZAG11,0.6409460568984184,2025-05,0.00829009177249846,0.04894322487046896,0.23272645784712864
665,RZEO11,-0.8273429909230805,2024-04,12317.899725773867,0.6288295625798844,4105.900404115175
666,RZEO11,-0.8273429909230805,2024-06,3162.5280107820067,0.4234092712783689,1054.0413590207872
667,RZEO11,-0.8273429909230805,2024-07,37.32520540377326,0.04736849312422225,12.181743635324802
668,RZEO11,-0.8273429909230805,2024-08,0.00020826040652463184,0.00016492172635186082,-0.275656602930068
669,RZEO11,-0.8273429909230805,2024-09,11.337982522637839,0.051702785657039806,3.5207807724572664
670,RZEO11,-0.8273429909230805,2024-10,0.0,0.0,-0.27578099697436015
674,RZEO11,-0.8273429909230805,2025-05,0.0,0.0,-0.27578099697436015
675,SNAG11,1.9647526413686587,2022-08,2.767589599009679e-05,0.09991817597186302,0.6882328310788371
676,SNAG11,1.9647526413686587,2022-09,0.0037724274112905846,0.062391652111629274,0.6769722402971929
677,SNAG11,1.9647526413686587,2022-10,0.09490063959133496,0.22951697917860747,0.7630567533795336
678,SNAG11,1.9647526413686587,2022-11,0.031741501855348526,0.12935828160418186,0.7086174749427298
679,SNAG11,1.9647526413686587,2022-12,0.039155204779418175,0.12757085275906355,0.7104928996357135
680,SNAG11,1.9647526413686587,2023-01,0.05228621554068632,0.12167627193931173,0.7129050429495524
681,SNAG11,1.9647526413686587,2023-02,0.06346771980405125,0.11943372645550256,0.715884695876071
682,SNAG11,1.9647526413686587,2023-03,0.06762781900748469,0.10772313023074716,0.7133678635356301
683,SNAG11,1.9647526413686587,2023-04,0.11227835932706161,0.1196584051310304,0.7322298019422502
684,SNAG11,1.9647526413686587,2023-05,0.10727624431308086,0.10465442916102136,0.725561104947587
685,SNAG11,1.9647526413686587,2023-06,0.17489125407509903,0.1203277392225472,0.7533238782221017
686,SNAG11,1.9647526413686587,2023-07,0.22148351865134028,0.1207641038252205,0.7690000879484065
687,SNAG11,1.9647526413686587,2023-08,0.02001068377494314,0.05422626210281318,0.679663195748805
688,SNAG11,1.9647526413686587,2023-09,0.002340509738469792,0.02115418353260208,0.6627491115465769
689,SNAG11,1.9647526413686587,2023-10,0.0015750941339932327,0.028817039669713822,0.6650482583907885
690,SNAG11,1.9647526413686587,2023-11,0.001426342026161608,0.02925459821296263,0.6651445272025943
691,SNAG11,1.9647526413686587,2023-12,0.0012596350892268092,0.012839176513787106,0.6596171509905576
692,SNAG11,1.9647526413686587,2024-01,0.0006936254125329675,0.018221791131183298,0.6612226859707916
693,SNAG11,1.9647526413686587,2024-02,0.0015372048451094693,0.016291246760923018,0.660860364324897
694,SNAG11,1.9647526413686587,2024-03,0.00038695508588866204,0.012871237675956103,0.6593369447101678
695,SNAG11,1.9647526413686587,2024-04,0.0009199252680004461,0.013326700128206186,0.6596664222549552
696,SNAG11,1.9647526413686587,2024-05,7.95930010329406e-05,0.005964348880936237,0.6569321944168759
697,SNAG11,1.9647526413686587,2024-06,0.0010077373553317385,0.012911510510974666,0.6595572964116551
698,SNAG11,1.9647526413686587,2024-07,0.00408326706475181,0.026461146251501692,0.665099018228304
699,SNAG11,1.9647526413686587,2024-08,0.00780826075272925,0.04915533593206784,0.6739054126844852
700,SNAG11,1.9647526413686587,2024-09,0.0023866865668436066,0.021446249738014737,0.6628618592245057
701,SNAG11,1.9647526413686587,2024-10,0.03476085570571804,0.07916362287296325,0.69289237331578
702,SNAG11,1.9647526413686587,2024-11,0.012152044179456313,0.054418345073347404,0.6771076768738208
703,SNAG11,1.9647526413686587,2024-12,0.07936316908798832,0.13768116639437172,0.7272656589503396
704,SNAG11,1.9647526413686587,2025-01,0.014564461559828656,0.06145840182670265,0.6802585015850634
705,SNAG11,1.9647526413686587,2025-02,0.007798602622489659,0.03408483595732873,0.668878693316159
706,SNAG11,1.9647526413686587,2025-03,0.002538092502643728,0.02577891886590745,0.6643565509124033
707,SNAG11,1.9647526413686587,2025-04,0.020092465699057708,0.06600762148380711,0.6836175761838411
708,SNAG11,1.9647526413686587,2025-05,6.576395482340849,1.0,3.1803827079031692
