Date,Close,High,Low,Open,Volume,Mount
2023-02-14,7.4088287353515625,7.4088287353515625,7.363881028823981,7.378863835806361,89707,2023-02
2023-02-15,7.431301593780518,7.431301593780518,7.386353891109566,7.408828099654791,81663,2023-02
2023-02-16,7.4013352394104,7.44628221881135,7.378861749709925,7.431300130484153,102418,2023-02
2023-02-17,7.438794136047363,7.461267633615411,7.3788643329194965,7.3788643329194965,74722,2023-02
2023-02-22,7.438794136047363,7.453776229619526,7.3788643329194965,7.438794136047362,74910,2023-02
2023-02-23,7.416318416595459,7.46126611701495,7.348897937595413,7.438792624014935,142927,2023-02
2023-02-24,7.446282386779785,7.4537737883220485,7.393844004822687,7.431300298114631,54119,2023-02
2023-02-27,7.453774452209473,7.461265854418975,7.4238095577909,7.44628304999997,66214,2023-02
2023-02-28,7.468756675720215,7.4762473629276665,7.423808980378599,7.453773872466549,126102,2023-02
2023-03-01,7.446282386779785,7.476247278529466,7.416317495030104,7.468756591406575,149730,2023-03
2023-03-02,7.416318416595459,7.476248207541807,7.401336326068602,7.4462833120686325,298908,2023-03
2023-03-03,7.416318416595459,7.453774714541791,7.401336326068602,7.416318416595458,187112,2023-03
2023-03-06,7.416318416595459,7.453774714541791,7.393844923595443,7.416318416595458,134362,2023-03
2023-03-07,7.431301593780518,7.453775087906245,7.401336696806383,7.42381019093211,165876,2023-03
2023-03-08,7.400938987731934,7.454073702660538,7.400938987731934,7.438892665783593,134566,2023-03
2023-03-09,7.400938987731934,7.438892665783593,7.370576190071845,7.416120748515076,118002,2023-03
2023-03-10,7.393348693847656,7.416121336828903,7.370576774772665,7.370576774772665,75899,2023-03
2023-03-13,7.347804069519043,7.408529663159185,7.347804069519043,7.3933479027960605,86154,2023-03
2023-03-14,7.325031757354736,7.385757353717201,7.317441600739087,7.378167197101551,90370,2023-03
2023-03-15,7.317442417144775,7.355395376176062,7.287079615575971,7.34780521871358,101672,2023-03
2023-03-16,7.35539436340332,7.370576124050475,7.302259648950666,7.317441409597819,78456,2023-03
2023-03-17,7.35539436340332,7.40093892143859,7.332622446338782,7.355394363403321,113367,2023-03
2023-03-20,7.340215682983398,7.408532180013843,7.302261993087994,7.362987607358072,121103,2023-03
2023-03-21,7.317442417144775,7.362986257544836,7.287079615575971,7.317442417144775,160765,2023-03
2023-03-22,7.378169059753418,7.41612274803809,7.340215371468747,7.34780625390696,98373,2023-03
2023-03-23,7.393348693847656,7.408530455835154,7.302260293641436,7.302260293641436,105709,2023-03
2023-03-24,7.400938987731934,7.438892665783593,7.38575722694879,7.400938987731934,69355,2023-03
2023-03-27,7.4464826583862305,7.492026487493411,7.385756346399805,7.431300899413096,73713,2023-03
2023-03-28,7.423710346221924,7.446482985682554,7.378166515112949,7.393347550847226,76182,2023-03
2023-03-29,7.408529758453369,7.446483435943192,7.378166961242749,7.4237107951055865,92272,2023-03
2023-03-30,7.37057638168335,7.431301978582198,7.3402135832339255,7.408530060721684,86125,2023-03
2023-03-31,7.378169059753418,7.393350100723452,7.34780625390696,7.385759218285238,83911,2023-03
2023-04-03,7.385757923126221,7.416121447554556,7.355395122604152,7.385757923126221,113134,2023-04
2023-04-04,7.416119575500488,7.431300609976235,7.3629841450701665,7.393346937927744,83309,2023-04
2023-04-05,7.416119575500488,7.431300609976235,7.3857560587368285,7.3857560587368285,62748,2023-04
2023-04-06,7.438892841339111,7.438892841339111,7.416120923533184,7.431301960768398,76534,2023-04
2023-04-10,7.438892841339111,7.438892841339111,7.400939162391757,7.431301960768398,97774,2023-04
2023-04-11,7.423491954803467,7.438893007959053,7.3849882203180215,7.438893007959053,115815,2023-04
2023-04-12,7.415791034698486,7.431192087799395,7.38498819409902,7.423491928447765,74684,2023-04
2023-04-13,7.415791034698486,7.454294769047231,7.392689087848299,7.423491928447765,78664,2023-04
2023-04-14,7.400390148162842,7.431192992512409,7.392689987873753,7.400390148162842,54198,2023-04
2023-04-17,7.454293727874756,7.477395671498198,7.400388213556663,7.400388213556663,110611,2023-04
2023-04-18,7.44659423828125,7.492798134233827,7.431192450031935,7.454295132405909,70440,2023-04
2023-04-19,7.485097885131836,7.492798044766865,7.454295043398687,7.461995203033717,105565,2023-04
2023-04-20,7.485097885131836,7.492798044766865,7.39268935993239,7.492798044766865,108732,2023-04
2023-04-24,7.44659423828125,7.492798134233827,7.431192450031935,7.485097974506854,100403,2023-04
2023-04-25,7.392688751220703,7.4619945886154095,7.354185018625234,7.446593536215791,115339,2023-04
2023-04-26,7.369585037231445,7.431190706983207,7.338782202355565,7.423490549062372,101813,2023-04
2023-04-27,7.400390148162842,7.415791937536495,7.338784459463705,7.354186248837358,87404,2023-04
2023-04-28,7.400390148162842,7.415791937536495,7.3772881985001,7.392689987873753,88962,2023-04
2023-05-02,7.485097885131836,7.485097885131835,7.3541856241665355,7.39268935993239,84554,2023-05
2023-05-03,7.469696998596191,7.531302689497778,7.408091307694605,7.469696998596191,90721,2023-05
2023-05-04,7.4773969650268555,7.515900700658455,7.431192335389402,7.4850978590327095,55408,2023-05
2023-05-05,7.4773969650268555,7.4850978590327095,7.454295017406965,7.4850978590327095,78912,2023-05
2023-05-08,7.5004987716674805,7.5004987716674805,7.43889308957393,7.477396824481814,113352,2023-05
2023-05-09,7.477081775665283,7.555130944329329,7.461472388531696,7.508301294264494,110597,2023-05
2023-05-10,7.438058853149414,7.4926935811535875,7.399034260098491,7.484888513676963,125701,2023-05
2023-05-11,7.430253982543945,7.461473505817989,7.391229392368354,7.453668438916441,112724,2023-05
2023-05-12,7.399034023284912,7.453668749540446,7.367814498709826,7.414644157738545,83897,2023-05
2023-05-15,7.523914813995361,7.531719138910679,7.399035939029435,7.399035939029435,111703,2023-05
2023-05-16,7.578546524047852,7.578546524047851,7.492693021217496,7.492693021217496,94609,2023-05
2023-05-17,7.570743083953857,7.609767682474032,7.500498955484005,7.570743083953857,92601,2023-05
2023-05-18,7.555132865905762,7.601961783549051,7.477083677390646,7.562937189291493,142218,2023-05
2023-05-19,7.570743083953857,7.578548152524354,7.516109092624998,7.570743083953857,95125,2023-05
2023-05-22,7.594155788421631,7.6956194233675035,7.555131943261948,7.570741332459394,206109,2023-05
2023-05-23,7.555132865905762,7.656596513242523,7.531717662751892,7.594156715831095,95235,2023-05
2023-05-24,7.5004987716674805,7.586353035174274,7.422450320872191,7.5551335059897005,130485,2023-05
2023-05-25,7.539523601531982,7.625377867684037,7.453670079712238,7.492694678478418,102589,2023-05
2023-05-26,7.523914813995361,7.547329277406059,7.469280073593902,7.53952420815837,186706,2023-05
2023-05-29,7.531716346740723,7.539521413094906,7.477082370925631,7.531716346740723,133374,2023-05
2023-05-30,7.539523601531982,7.54732867015168,7.477084541239021,7.539523601531982,95113,2023-05
2023-05-31,7.49269437789917,7.547328367380719,7.484889309592583,7.539523299074132,85215,2023-05
2023-06-01,7.484889984130859,7.516109515838432,7.461475521433267,7.516109515838432,117372,2023-06
2023-06-02,7.516107082366943,7.547326603966647,7.492692627250191,7.516107082366943,129865,2023-06
2023-06-05,7.562937259674072,7.570742327464665,7.492693882555437,7.523913409385575,161016,2023-06
2023-06-06,7.570743083953857,7.570743083953857,7.531718485433683,7.570743083953857,170373,2023-06
2023-06-07,7.578546524047852,7.586351590941196,7.547327000806618,7.570741457154506,619287,2023-06
2023-06-09,7.626062870025635,7.641900613924106,7.58646737744765,7.610224370905959,133125,2023-06
2023-06-12,7.610223770141602,7.633981516945638,7.59438602749339,7.61814301907628,101294,2023-06
2023-06-13,7.6023054122924805,7.618143155223736,7.578547665063859,7.610223906147529,150745,2023-06
2023-06-14,7.610223770141602,7.61814301907628,7.586466778558711,7.602305276428068,133266,2023-06
2023-06-15,7.626062870025635,7.641900613924106,7.58646737744765,7.602305876567326,146295,2023-06
2023-06-16,7.681494235992432,7.713170471297143,7.602304025341161,7.641898753056286,171412,2023-06
2023-06-19,7.665658473968506,7.7369302106000575,7.641900724943845,7.713172461575396,209797,2023-06
2023-06-20,7.721091270446777,7.729010519669548,7.649819537884189,7.673576530331327,130570,2023-06
2023-06-21,7.721091270446777,7.744848262893916,7.689415028776868,7.729010519669548,83863,2023-06
2023-06-22,7.721091270446777,7.729010519669548,7.689415028776868,7.721091270446777,116418,2023-06
2023-06-23,7.736929893493652,7.760686886323391,7.689415152612989,7.689415152612989,110084,2023-06
2023-06-26,7.744848251342773,7.760686749764692,7.721091258931067,7.736929757352986,96696,2023-06
2023-06-27,7.752766132354736,7.752766132354736,7.721089896322256,7.736928391949015,112245,2023-06
2023-06-28,7.744848251342773,7.760686749764692,7.7131720097201075,7.752767500553732,147942,2023-06
2023-06-29,7.760686874389648,7.760686874389648,7.6814958914507105,7.744848375713387,141396,2023-06
2023-06-30,7.721091270446777,7.768606010562228,7.673576530331327,7.760686761339457,244690,2023-06
2023-07-03,7.776524066925049,7.784443315702148,7.721090835927613,7.75276707581488,137627,2023-07
2023-07-04,7.784442901611328,7.784442901611328,7.760685911764904,7.784442901611328,130796,2023-07
2023-07-05,7.8002824783325195,7.808200972563644,7.768606235744437,7.784443979427881,130502,2023-07
2023-07-06,7.847794532775879,7.895309262572283,7.78444206319468,7.800280558200485,198855,2023-07
2023-07-07,7.919065952301025,7.919065952301025,7.855713485100296,7.863632732305632,198099,2023-07
2023-07-10,7.878950595855713,7.8949977061929495,7.846857140349576,7.8949977061929495,214345,2023-07
2023-07-11,7.903021812438965,7.951161616470788,7.8388348969509405,7.878951145254664,149065,2023-07
2023-07-12,7.870926856994629,7.919066651866288,7.8629033027932715,7.886973200229101,108499,2023-07
2023-07-13,7.8629045486450195,7.894998005367311,7.822787536450065,7.878950894421983,132008,2023-07
2023-07-14,7.903021812438965,7.911044602998676,7.862904798966853,7.878951145254664,105818,2023-07
2023-07-17,7.886973857879639,7.919067312192919,7.878950303009241,7.903020967620432,81193,2023-07
2023-07-18,7.886973857879639,7.935114421933712,7.886973857879639,7.894997412750035,152834,2023-07
2023-07-19,7.854879856109619,7.919066760262584,7.830809958344321,7.90302041680847,176420,2023-07
2023-07-20,7.870926856994629,7.87092685699463,7.806739188552012,7.8629033027932715,97438,2023-07
2023-07-21,7.8629045486450195,7.886974449894647,7.8147639809774,7.8629045486450195,112133,2023-07
2023-07-24,7.894997596740723,7.894997596740723,7.862904141679514,7.862904141679514,69861,2023-07
2023-07-25,7.911042213439941,7.919065766744499,7.870925977253472,7.894995871998985,79465,2023-07
2023-07-26,7.927091598510742,7.927091598510742,7.862904683961537,7.9190680428999976,314745,2023-07
2023-07-27,7.919067859649658,7.919067859649658,7.854880946585762,7.919067859649658,126797,2023-07
2023-07-28,7.9431376457214355,7.9431376457214355,7.89499784420487,7.92709130027203,128045,2023-07
2023-07-31,7.975230693817139,7.991277803614006,7.870927540810738,7.935114449661589,190733,2023-07
2023-08-01,7.991278171539307,7.999301726807151,7.93511481500108,7.9752310610036155,117196,2023-08
2023-08-02,7.999300003051758,7.999300003051758,7.9511594469867575,7.9511594469867575,121780,2023-08
2023-08-03,8.01534652709961,8.023370080820797,7.983253077383054,7.991276631104242,100079,2023-08
2023-08-04,8.00732421875,8.023371328688167,7.983254319011064,8.015347773719084,151529,2023-08
2023-08-07,8.031393051147461,8.047439392256045,7.991276050623787,8.007322391732371,1032413,2023-08
2023-08-08,8.023266792297363,8.055782533872813,7.998880179924884,8.015137663094393,164058,2023-08
2023-08-09,8.015135765075684,8.031394019631598,7.998878285756015,8.015135765075684,100106,2023-08
2023-08-10,8.031393051147461,8.055779654804372,8.015134798552085,8.039522177445148,126560,2023-08
2023-08-11,8.031393051147461,8.055779654804372,8.015134798552085,8.039522177445148,127242,2023-08
2023-08-14,8.05578327178955,8.063912401737156,8.023267527235632,8.031396657183237,104789,2023-08
2023-08-15,8.05578327178955,8.063912401737156,8.023267527235632,8.063912401737156,154022,2023-08
2023-08-16,8.063912391662598,8.063912391662598,8.015138387274403,8.055783261725148,118121,2023-08
2023-08-17,8.080168724060059,8.080168724060059,8.007008890765189,8.015137244307025,205700,2023-08
2023-08-18,8.104554176330566,8.11268252793266,8.023264458419993,8.11268252793266,140114,2023-08
2023-08-21,8.088294982910156,8.128939837143093,8.055779254571029,8.104553234697777,110695,2023-08
2023-08-22,8.12894344329834,8.137072572798388,8.06391195777087,8.104556830034653,148185,2023-08
2023-08-23,8.1451997756958,8.153328128036772,8.096425785468591,8.128941520541307,126433,2023-08
2023-08-24,8.153327941894531,8.16145706928619,8.120812207564159,8.137070462347474,104548,2023-08
2023-08-25,8.1451997756958,8.153328128036772,8.10455491304584,8.1451997756958,127921,2023-08
2023-08-28,8.12894344329834,8.145201702298436,8.088298571034557,8.137072572798388,141278,2023-08
2023-08-29,8.1451997756958,8.161457255614021,8.096425785468591,8.128941520541307,123030,2023-08
2023-08-30,8.1451997756958,8.161457255614021,8.10455491304584,8.1451997756958,109797,2023-08
2023-08-31,8.1451997756958,8.153328128036772,8.120812392964059,8.1451997756958,67213,2023-08
2023-09-01,8.153327941894531,8.210231058399877,8.1126830801725,8.14519958973913,208566,2023-09
2023-09-04,8.185846328735352,8.185846328735352,8.13707309905363,8.16958884392028,85246,2023-09
2023-09-05,8.210230827331543,8.226488306421052,8.137070233338168,8.185843445842927,125250,2023-09
2023-09-06,8.242748260498047,8.242748260498047,8.202103391538476,8.210232520377668,104292,2023-09
2023-09-08,8.242748260498047,8.242748260498047,8.169587651418096,8.234619131658853,204759,2023-09
2023-09-11,8.283920288085938,8.3003889054584,8.176871526599738,8.24274756669827,112432,2023-09
2023-09-12,8.250982284545898,8.28392030466107,8.23451288183614,8.259216200596434,133496,2023-09
2023-09-13,8.209809303283691,8.242747322356568,8.193339901095094,8.234512621262269,144537,2023-09
2023-09-14,8.259215354919434,8.28391945645457,8.218042637665137,8.242746739200273,99522,2023-09
2023-09-15,8.267450332641602,8.300388350488609,8.209808997735413,8.259215631853777,166809,2023-09
2023-09-18,8.250982284545898,8.300388922066483,8.23451288183614,8.267450901951312,84687,2023-09
2023-09-19,8.27568531036377,8.300388628249614,8.242747291414538,8.292153927186227,99720,2023-09
2023-09-20,8.250982284545898,8.292154220711604,8.250982284545898,8.27568560330619,96823,2023-09
2023-09-21,8.234512329101562,8.28391974861006,8.234512329101562,8.28391974861006,126265,2023-09
2023-09-22,8.267450332641602,8.283919734217251,8.22627761400677,8.259215631853777,118705,2023-09
2023-09-25,8.283920288085938,8.283920288085938,8.234512865359868,8.267450885409133,103953,2023-09
2023-09-26,8.267450332641602,8.283919734217251,8.250981716370244,8.283919734217251,93740,2023-09
2023-09-27,8.292153358459473,8.300388058958074,8.259215341769332,8.267450042267933,144669,2023-09
2023-09-28,8.283920288085938,8.292154204119997,8.250982268036672,8.292154204119997,68335,2023-09
2023-09-29,8.292153358459473,8.292153358459473,8.259215341769332,8.283919443265136,122850,2023-09
2023-10-02,8.300387382507324,8.300387382507324,8.259214668674007,8.283918768156516,145188,2023-10
2023-10-03,8.292153358459473,8.308622759456675,8.275684742766535,8.300388058958074,104205,2023-10
2023-10-04,8.316855430603027,8.316855430603027,8.267448024971328,8.283917421949917,178607,2023-10
2023-10-05,8.259215354919434,8.316857473197153,8.176870705715107,8.316857473197153,327207,2023-10
2023-10-06,8.267450332641602,8.275685033429426,8.18510489537194,8.259215631853777,119289,2023-10
2023-10-09,8.275785446166992,8.317455430625044,8.22578035209172,8.259116816540566,124424,2023-10
2023-10-10,8.242448806762695,8.275785270503935,8.22578017749008,8.275785270503935,175863,2023-10
2023-10-11,8.200778007507324,8.267450934820067,8.167441543850952,8.234114471163695,259644,2023-10
2023-10-13,8.242448806762695,8.250782326595013,8.175775879280213,8.209112343021454,124269,2023-10
2023-10-16,8.234112739562988,8.250780570484002,8.200776282917138,8.242447052425405,130656,2023-10
2023-10-17,8.200778007507324,8.259116620204978,8.175775858466041,8.250782305589887,182627,2023-10
2023-10-18,8.167441368103027,8.225779979545344,8.167441368103027,8.184109202170559,131670,2023-10
2023-10-19,8.142438888549805,8.192443183523329,8.117435946259105,8.167441036036568,204574,2023-10
2023-10-20,8.184107780456543,8.209110719420375,8.109100553172713,8.159105636296543,153042,2023-10
2023-10-23,8.150773048400879,8.192443827356291,8.125770898949233,8.184109512604408,99893,2023-10
2023-10-24,8.142438888549805,8.150772407842767,8.092433798772342,8.150772407842767,152221,2023-10
2023-10-25,8.125771522521973,8.150773673892289,8.0924350557602,8.142440153304891,115734,2023-10
2023-10-26,8.1007661819458,8.167439089220766,8.092431869835492,8.15077046500015,182491,2023-10
2023-10-27,8.117435455322266,8.159106228482608,8.100767622940463,8.109101141729418,138644,2023-10
2023-10-30,8.034095764160156,8.150772990643722,8.034095764160156,8.117436526676418,172542,2023-10
2023-10-31,8.084098815917969,8.100767442732856,8.009091584858721,8.009091584858721,134229,2023-10
2023-11-01,8.150773048400879,8.217445976807937,8.067432285294057,8.11743658419735,241630,2023-11
2023-11-03,8.125771522521973,8.159107989283747,8.0924350557602,8.159107989283747,158118,2023-11
2023-11-06,8.192442893981934,8.209111521586623,8.109101345566309,8.159106433576465,274701,2023-11
2023-11-07,8.200778007507324,8.225780156548606,8.167441543850952,8.192443692892233,106792,2023-11
2023-11-08,8.200778007507324,8.234114471163695,8.159107229235863,8.200778007507324,189040,2023-11
2023-11-09,8.188125610351562,8.238722002788764,8.120664289903543,8.179692744244965,251879,2023-11
2023-11-10,8.145962715148926,8.221856907583627,8.129097785831458,8.188126244746252,131166,2023-11
2023-11-13,8.162830352783203,8.22185882546736,8.145964615329087,8.145964615329087,149851,2023-11
2023-11-14,8.188125610351562,8.213423404468976,8.145962084020956,8.196558476458158,154525,2023-11
2023-11-16,8.179695129394531,8.22185866801977,8.162830196466002,8.171262260828962,152795,2023-11
2023-11-17,8.188125610351562,8.221856270575572,8.17125987813837,8.179692744244965,111854,2023-11
2023-11-20,8.196558952331543,8.221856747917688,8.162828290149207,8.188126085735353,169182,2023-11
2023-11-21,8.171262741088867,8.204993413131032,8.16283067623032,8.196561348272482,119529,2023-11
2023-11-22,8.188125610351562,8.20499053836238,8.13752921791436,8.162827816234149,173028,2023-11
2023-11-23,8.137531280517578,8.196560554023405,8.12066634823204,8.188127685779346,176051,2023-11
2023-11-24,8.145962715148926,8.188126244746252,8.120664919071505,8.137529848388972,94728,2023-11
2023-11-27,8.095369338989258,8.188128486132957,7.943580912569878,8.188128486132957,323585,2023-11
2023-11-28,8.11223316192627,8.129098897753119,8.061637562850814,8.095368230301967,119416,2023-11
2023-11-29,8.103801727294922,8.129100335509644,8.061638988675762,8.103801727294922,106330,2023-11
2023-11-30,8.086935997009277,8.188128007303757,8.078503128434084,8.103800929957051,145044,2023-11
2023-12-01,8.070069313049316,8.179694179057405,8.044771514494379,8.095367915806772,155840,2023-12
2023-12-04,8.11223316192627,8.145963829377422,8.070069626561692,8.070069626561692,162909,2023-12
2023-12-05,8.061638832092285,8.129100177615847,8.044773093610058,8.070070897130725,183788,2023-12
2023-12-06,8.019474983215332,8.112234128710028,8.011042114296911,8.103801259791608,281606,2023-12
2023-12-07,8.002608299255371,8.061637570502828,7.960444763850774,8.027906903019659,189623,2023-12
2023-12-08,7.925826072692871,8.011142072045565,7.772257599311487,8.002610309383563,288559,2023-12
2023-12-11,7.814913749694824,8.011140176318241,7.780787520755988,7.925824197154412,230765,2023-12
2023-12-12,7.644283771514893,7.814914942247314,7.558967779331881,7.814914942247314,375876,2023-12
2023-12-13,7.610157489776611,7.721067953467483,7.58456301773521,7.64428372370968,199634,2023-12
2023-12-14,7.601625442504883,7.635751675156785,7.5760309714243474,7.610157204076249,307870,2023-12
2023-12-15,7.8063812255859375,7.8405074511872215,7.593092112169563,7.601623871978234,228931,2023-12
2023-12-18,7.7466630935668945,7.849041804195052,7.66134709455993,7.814915567318999,253473,2023-12
2023-12-19,7.644283771514893,7.746662473954345,7.627220247624849,7.704004477862839,348423,2023-12
2023-12-20,7.644283771514893,7.704004477862839,7.63575200956987,7.644283771514893,186502,2023-12
2023-12-21,7.704005718231201,7.746663721190775,7.644285002268037,7.644285002268037,141844,2023-12
2023-12-22,7.763725280761719,7.763725280761719,7.6954728187727675,7.704003766296242,106392,2023-12
2023-12-26,7.7466630935668945,7.7893210930703765,7.721068619318272,7.763726618821754,191116,2023-12
2023-12-27,7.93435525894165,7.985544191024459,7.746660609493405,7.7807868354264125,90034,2023-12
2023-12-28,8.087922096252441,8.087922096252441,7.925822741962992,7.934354501039628,85449,2023-12
2024-01-02,8.122052192687988,8.181772901458636,8.087925143523464,8.096456905814595,130639,2024-01
2024-01-03,8.130581855773926,8.173239846851054,8.104987386581051,8.122050908465305,113016,2024-01
2024-01-04,8.122052192687988,8.130583141345484,8.053798907992576,8.122052192687988,142458,2024-01
2024-01-05,8.087922096252441,8.156175355232204,8.045264928135916,8.122049132558987,200213,2024-01
2024-01-08,8.06233024597168,8.12205176523288,8.019672250394706,8.087924717864427,151979,2024-01
2024-01-09,7.993274688720703,8.114122804277212,7.941482051185024,8.062330989957578,128185,2024-01
2024-01-10,8.010538101196289,8.088226643455325,7.984642194848617,7.993274438036515,103942,2024-01
2024-01-11,8.001906394958496,8.053698205801002,7.984641909200333,8.010537814621586,95163,2024-01
2024-01-12,8.019170761108398,8.079594820131637,7.98464260977854,8.0019070970515,80036,2024-01
2024-01-15,8.096857070922852,8.096857070922852,8.010536304833352,8.019168546085469,101118,2024-01
2024-01-16,8.070962905883789,8.13138696120994,8.027802513558248,8.10549105510102,89444,2024-01
2024-01-17,8.11412239074707,8.13138687678444,8.062330579066968,8.088226484907018,69717,2024-01
2024-01-18,8.05369758605957,8.114121635131458,8.010537198201396,8.114121635131458,122113,2024-01
2024-01-19,8.05369758605957,8.07096207048921,7.976009052558043,8.05369758605957,174561,2024-01
2024-01-22,8.027800559997559,8.053696459804726,7.984640178175072,8.053696459804726,117441,2024-01
2024-01-23,7.976007461547852,8.027800081289538,7.9501115632848895,8.027800081289538,139068,2024-01
2024-01-24,7.950114727020264,7.976010635588461,7.924218818452067,7.976010635588461,144315,2024-01
2024-01-25,7.950114727020264,7.993275123444652,7.915586574523971,7.950114727020264,110128,2024-01
2024-01-26,7.906952381134033,7.976008669100767,7.872424237150667,7.9673764273009535,227586,2024-01
2024-01-29,7.924217224121094,7.941480885287793,7.906952739738469,7.924217224121094,125051,2024-01
2024-01-30,7.958745002746582,7.984640904910709,7.915584616995779,7.924216858789117,116036,2024-01
2024-01-31,7.906952381134033,8.00190539450021,7.889688720750294,7.9587450087170275,138840,2024-01
2024-02-01,7.8120012283325195,7.984641971174168,7.7774730797641904,7.984641971174168,235115,2024-02
2024-02-02,7.950114727020264,7.976010635588461,7.794737629178901,7.794737629178901,159233,2024-02
2024-02-05,8.010538101196289,8.122754792990895,7.950114045313048,7.984642194848617,259599,2024-02
2024-02-06,8.027800559997559,8.079592359611894,7.9328475553449245,8.001904660190391,194857,2024-02
2024-02-07,8.010538101196289,8.070962980295551,7.967377708472823,8.027802587572085,157273,2024-02
2024-02-08,7.949387550354004,7.993064835623756,7.8882378514128835,7.8882378514128835,167189,2024-02
2024-02-09,7.888240337371826,7.931918469497446,7.879505377419564,7.888240337371825,181415,2024-02
2024-02-14,7.870767593383789,7.923180672203238,7.862031802550258,7.888238341959982,102662,2024-02
2024-02-15,7.81835412979126,7.896974585619533,7.792147588878808,7.862032253372624,224786,2024-02
2024-02-16,7.862031936645508,7.9231808073414465,7.800883065949569,7.8183538148237455,175841,2024-02
2024-02-19,7.827090263366699,7.879504180574328,7.809618679933839,7.862032597141468,160193,2024-02
2024-02-20,7.800885200500488,7.8620340879285555,7.774677820381795,7.8270917475280735,221524,2024-02
2024-02-21,7.800885200500488,7.870769881301453,7.774677820381795,7.809620160782277,132521,2024-02
2024-02-22,7.853296756744385,7.853296756744385,7.774676297965767,7.800883672952604,172780,2024-02
2024-02-23,7.853296756744385,7.862032548406663,7.792147881290324,7.853296756744385,195729,2024-02
2024-02-26,7.783412456512451,7.862032918996979,7.774676664438396,7.853297126922924,197127,2024-02
2024-02-27,7.774676322937012,7.8270902399880855,7.739733989266612,7.783412114627349,164712,2024-02
2024-02-28,7.696056365966797,7.818354112007335,7.556286204206175,7.757205238987066,210905,2024-02
2024-02-29,7.687321662902832,7.739734752028341,7.582494651560784,7.73099979256811,401729,2024-02
2024-03-01,7.8358259201049805,7.896974794884751,7.669849212715694,7.687320795847592,222390,2024-03
2024-03-04,7.809619426727295,7.844561763843418,7.739734752495049,7.809619426727296,126216,2024-03
2024-03-05,7.870767593383789,7.888238341959982,7.739733230153431,7.827089472307002,205740,2024-03
2024-03-06,7.844560146331787,7.931916387655162,7.757204738099271,7.870767518583315,210588,2024-03
2024-03-07,7.888240337371826,7.949390055584126,7.827091452250603,7.844562205246206,168384,2024-03
2024-03-08,7.9324049949646,7.950072226496174,7.738070502637068,7.7999041281576496,190998,2024-03
2024-03-11,7.808737754821777,7.941238621813654,7.782237749907396,7.861737764650541,137428,2024-03
2024-03-12,7.799906253814697,7.8440735022602786,7.782239859888582,7.835239884087123,111488,2024-03
2024-03-13,7.799906253814697,7.8440735022602786,7.773406241715427,7.773406241715427,126147,2024-03
2024-03-14,7.799906253814697,7.861739896186394,7.791072635641542,7.808739871987853,201766,2024-03
2024-03-15,7.746905326843262,7.826405353876668,7.746905326843262,7.799905344865532,269803,2024-03
2024-03-18,7.729238033294678,7.7645716591786496,7.693904407410706,7.755738042102634,140678,2024-03
2024-03-19,7.755738258361816,7.799905502553353,7.72040463149261,7.72923824881494,149179,2024-03
2024-03-20,7.782238960266113,7.799905352150003,7.738071716926241,7.755738108810131,148542,2024-03
2024-03-21,7.738071441650391,7.79990507467447,7.685070583043988,7.782238683419048,190796,2024-03
2024-03-22,7.738071441650391,7.791071457836725,7.711570591137155,7.764571449743557,141999,2024-03
2024-03-25,7.755738258361816,7.817572737198014,7.73807186613727,7.73807186613727,154433,2024-03
2024-03-26,7.7734055519104,7.782239169299668,7.729238307384181,7.755738317131864,162304,2024-03
2024-03-27,7.7645721435546875,7.7734057611817695,7.738072133093585,7.7734057611817695,129604,2024-03
2024-03-28,7.994240760803223,8.321077015420888,7.738071758945047,7.738071758945047,534408,2024-03
2024-04-01,7.98540735244751,8.08257461692802,7.9500737251436755,7.994240969878499,247435,2024-04
2024-04-02,7.994240760803223,8.011907152783044,7.914739890843771,7.98540714360326,184530,2024-04
2024-04-03,8.011905670166016,8.020739285731302,7.967739277179479,7.985405665890105,80047,2024-04
2024-04-04,8.003074645996094,8.047241048634664,8.003074645996094,8.020741038567495,89740,2024-04
2024-04-05,7.994240760803223,8.064908013562713,7.96774075162344,8.003074378003184,197102,2024-04
2024-04-08,7.958510875701904,7.994239286126899,7.92278246527691,7.985306970562526,166818,2024-04
2024-04-09,7.8959856033325195,7.967442417240581,7.8691895110751,7.967442417240581,133081,2024-04
2024-04-10,7.869190692901611,7.92278288546514,7.860258376863509,7.869190692901611,163671,2024-04
2024-04-11,7.869190692901611,7.904919105221478,7.842393744787305,7.878122157107171,147293,2024-04
2024-04-12,7.8959856033325195,7.940646324983161,7.824528789424457,7.860257196378488,155700,2024-04
2024-04-15,7.904919624328613,7.931715722370047,7.860258893037824,7.860258893037824,217233,2024-04
2024-04-16,7.860259532928467,7.922784050726029,7.833463432705607,7.922784050726029,126777,2024-04
2024-04-17,7.842394828796387,7.878123246054786,7.824531046083516,7.860259463341916,109715,2024-04
2024-04-18,7.797733306884766,7.860258669647927,7.779869525975701,7.842394036906288,163116,2024-04
2024-04-19,7.81559944152832,7.833464077702956,7.779871021011786,7.797734805353684,161864,2024-04
2024-04-22,7.824529647827148,7.824529647827148,7.797732700797512,7.806665016474057,109306,2024-04
2024-04-23,7.806666851043701,7.8334638043706315,7.779870749549479,7.815599168819345,139652,2024-04
2024-04-24,7.824529647827148,7.842393427347732,7.779868921276929,7.8334619635036935,117942,2024-04
2024-04-25,7.797733306884766,7.824530255997224,7.779869525975701,7.824530255997224,116531,2024-04
2024-04-26,7.842394828796387,7.842394828796387,7.770937994279587,7.797734094265222,133705,2024-04
2024-04-29,7.824529647827148,7.860258058700822,7.797732700797512,7.842393427347732,125626,2024-04
2024-04-30,7.770936965942383,7.842393791003217,7.770936965942383,7.833462326745024,153062,2024-04
2024-05-02,7.788802146911621,7.824530561959411,7.7798698301915215,7.788802146911621,122541,2024-05
2024-05-03,7.842394828796387,7.851327146069151,7.797734094265222,7.815598728810752,119346,2024-05
2024-05-06,7.81559944152832,7.842395543957537,7.770938702924468,7.833464077702956,149239,2024-05
2024-05-07,7.81559944152832,7.833464077702956,7.779871021011786,7.81559944152832,138295,2024-05
2024-05-08,7.842394828796387,7.842394828796387,7.788802628825117,7.815598728810752,127597,2024-05
2024-05-09,7.819793701171875,7.855954564008834,7.783632838334916,7.801713700824884,194527,2024-05
2024-05-10,7.855953693389893,7.883074984119186,7.79267240597397,7.79267240597397,192730,2024-05
2024-05-13,7.774593830108643,7.883076426445684,7.774593830108643,7.828834697205644,158781,2024-05
2024-05-14,7.819793701171875,7.819793701171875,7.765552837987925,7.774593269232908,119092,2024-05
2024-05-15,7.783633708953857,7.8197945758355,7.756513274328394,7.810755005722394,163148,2024-05
2024-05-16,7.756512641906738,7.792673505840031,7.747472210387665,7.783633074320957,151559,2024-05
2024-05-17,7.810754299163818,7.837874731335976,7.747472141238126,7.75651257267651,144967,2024-05
2024-05-20,7.810754299163818,7.837874731335976,7.774593435553277,7.810754299163818,165123,2024-05
2024-05-21,7.792672634124756,7.81979306350519,7.774592635252102,7.8107534951403155,150200,2024-05
2024-05-22,7.7655534744262695,7.792673908240943,7.747472610454456,7.774593906412176,200012,2024-05
2024-05-23,7.7655534744262695,7.792673908240943,7.7384330406115955,7.7655534744262695,137235,2024-05
2024-05-24,7.783633708953857,7.8197945758355,7.765553706584573,7.774594138840751,101200,2024-05
2024-05-27,7.792672634124756,7.81979306350519,7.765552204744322,7.792672634124756,132262,2024-05
2024-05-28,7.702272415161133,7.810755015948083,7.693231982893118,7.801714583680068,246055,2024-05
2024-05-29,7.8017144203186035,7.828834854411693,7.720352255896279,7.720352255896279,366374,2024-05
2024-05-31,7.828834533691406,7.855954966673466,7.792673669000988,7.819794101983047,136487,2024-05
2024-06-03,7.828834533691406,7.855954966673466,7.801714100709347,7.828834533691406,136321,2024-06
2024-06-04,7.8740339279174805,7.883074357441894,7.828832642438218,7.828832642438218,146360,2024-06
2024-06-05,7.892115116119385,7.892115116119385,7.837874255070993,7.892115116119385,141679,2024-06
2024-06-06,7.8740339279174805,7.910194783872327,7.864993498393066,7.892113924823497,163303,2024-06
2024-06-07,7.892115116119385,7.910195977897477,7.864994685595189,7.901155547008431,138366,2024-06
2024-06-10,7.841789245605469,7.887540817594401,7.814338651467571,7.887540817594401,104029,2024-06
2024-06-11,7.8051886558532715,7.860090720237695,7.8051886558532715,7.8417897412299835,131641,2024-06
2024-06-12,7.786888599395752,7.823489685007066,7.777738109833245,7.814339195444559,176575,2024-06
2024-06-13,7.759436130523682,7.79603808405575,7.74113602639625,7.777737107289716,165800,2024-06
2024-06-14,7.8051886558532715,7.832640124364837,7.768587570476559,7.78688854948427,147428,2024-06
2024-06-17,7.731986045837402,7.850939784713505,7.71368594050805,7.832639679384153,261934,2024-06
2024-06-18,7.713686466217041,7.777738148193064,7.704535976609404,7.741137062401234,91706,2024-06
2024-06-19,7.704535961151123,7.750287536458795,7.686234981972567,7.713686450740401,158918,2024-06
2024-06-20,7.6953840255737305,7.75943569538572,7.686233537703859,7.72283461654479,159435,2024-06
2024-06-21,7.722835063934326,7.741136040734258,7.677084367211706,7.722835063934326,139418,2024-06
2024-06-24,7.731986045837402,7.759436640150762,7.695384962540037,7.704535451524044,107740,2024-06
2024-06-25,7.722835063934326,7.76858663329555,7.7045349597729995,7.750286529134223,112838,2024-06
2024-06-26,7.677084922790527,7.7502870900105725,7.667934433728355,7.722835622824055,197490,2024-06
2024-06-27,7.658783435821533,7.722835109723853,7.6130318661890435,7.677084412729973,230708,2024-06
2024-06-28,7.74113655090332,7.759436656270691,7.686234489523886,7.686234489523886,135497,2024-06
2024-07-01,7.768586158752441,7.777736646593451,7.731985080026956,7.768586158752441,133970,2024-07
2024-07-02,7.731986045837402,7.777737618118774,7.731986045837402,7.768587129134768,163061,2024-07
2024-07-03,7.750288009643555,7.777738607448636,7.741137519495604,7.759437627152734,89164,2024-07
2024-07-04,7.768586158752441,7.777736646593451,7.731985080026956,7.750286055708974,170186,2024-07
2024-07-05,7.8143391609191895,7.850940246368792,7.750287479542062,7.750287479542062,183092,2024-07
2024-07-08,7.805081367492676,7.842116117867215,7.768046617118135,7.8143393928527365,101761,2024-07
2024-07-09,7.805081367492676,7.842116117867215,7.777304642478197,7.823598301190897,65861,2024-07
2024-07-10,7.814338207244873,7.814338207244872,7.777303462489322,7.8050801832894585,121199,2024-07
2024-07-11,7.842115879058838,7.842115879058838,7.795822221755874,7.814339154890217,106541,2024-07
2024-07-12,7.953220367431641,7.953220367431641,7.823598299657113,7.842116116329802,126607,2024-07
2024-07-15,7.953220367431641,7.953220367431641,7.916185617064361,7.925444525400706,142259,2024-07
2024-07-16,7.934702396392822,7.953220212705255,7.888409621567902,7.953220212705255,149332,2024-07
2024-07-17,7.916184902191162,7.9532196492140095,7.89766708719073,7.925443809691379,100638,2024-07
2024-07-18,7.925444602966309,7.953220445269083,7.888409852236573,7.906926786112387,104367,2024-07
2024-07-19,7.906926155090332,7.953219810552505,7.888409222692284,7.916185062778373,107647,2024-07
2024-07-22,7.934702396392822,7.953220212705255,7.888409621567902,7.925444371214687,119398,2024-07
2024-07-23,7.906926155090332,7.953219810552505,7.906926155090332,7.934701995176421,100750,2024-07
2024-07-24,7.916184902191162,7.9532196492140095,7.89766708719073,7.925443809691379,112277,2024-07
2024-07-25,7.916184902191162,7.962478556714226,7.888409062668532,7.943960741713793,88606,2024-07
2024-07-26,7.943961143493652,7.980995892389597,7.879150553670265,7.879150553670265,134230,2024-07
2024-07-29,7.888408184051514,7.9717356933383225,7.842114534684673,7.9717356933383225,259828,2024-07
2024-07-30,7.953220367431641,7.999514026135264,7.888409775033426,7.916185617064361,298212,2024-07
2024-07-31,7.999514102935791,8.027289945233392,7.943961535362482,7.962479352212954,177357,2024-07
2024-08-01,8.018030166625977,8.02728907404636,7.980995419922453,8.008771259205593,120041,2024-08
2024-08-02,8.018030166625977,8.02728907404636,7.953219580639313,8.008771259205593,136545,2024-08
2024-08-05,7.953220367431641,7.9624792757679845,7.888409775033426,7.9624792757679845,188789,2024-08
2024-08-06,7.971736907958984,7.999513631598065,7.934702159418264,7.953219975177651,75033,2024-08
2024-08-07,8.027289390563965,8.027289390563965,7.943960986450878,7.943960986450878,126502,2024-08
2024-08-08,7.975742340087891,8.022603518411138,7.975742340087891,7.9851147545130665,146273,2024-08
2024-08-09,8.041346549987793,8.050718963359948,8.003857790301703,8.041346549987793,110224,2024-08
2024-08-12,8.003856658935547,8.041345413322503,7.985112728643273,8.041345413322503,111084,2024-08
2024-08-13,8.01323127746582,8.022603692093902,7.985114927384229,8.022603692093902,84654,2024-08
2024-08-14,8.041346549987793,8.041346549987793,8.013230203673858,8.022602617046015,87653,2024-08
2024-08-15,8.069464683532715,8.078837098980681,8.031975915543585,8.041348330991552,152123,2024-08
2024-08-16,8.228791236877441,8.285024829379362,8.069463767558405,8.069463767558405,236299,2024-08
2024-08-19,8.200675010681152,8.266280124749755,8.18193018163147,8.228791360453034,131689,2024-08
2024-08-20,8.172558784484863,8.228791484878908,8.153813955151744,8.191302720015326,146915,2024-08
2024-08-21,8.181929588317871,8.21004682985347,8.14444082673965,8.17255806827525,161962,2024-08
2024-08-22,8.210046768188477,8.256907943259927,8.172558006891832,8.191301940638867,121381,2024-08
2024-08-23,8.24753475189209,8.378744957158318,8.228789926109778,8.256907164783245,138616,2024-08
2024-08-26,8.181929588317871,8.294396766855112,8.153813240584851,8.238163177586491,263781,2024-08
2024-08-27,8.200675010681152,8.228791360453034,8.153813831859589,8.19130259615631,147776,2024-08
2024-08-28,8.219419479370117,8.247535827909305,8.200674651142256,8.200674651142256,123515,2024-08
2024-08-29,8.228791236877441,8.247536065645624,8.210047301911889,8.238163651261534,122335,2024-08
2024-08-30,8.24753475189209,8.266278683871914,8.228789926109778,8.256907164783245,151671,2024-08
2024-09-02,8.341257095336914,8.360001923132621,8.238163223868275,8.256908051663983,206473,2024-09
2024-09-03,8.360001564025879,8.37874549721385,8.331885217342649,8.360001564025879,109583,2024-09
2024-09-04,8.369375228881836,8.397491579768928,8.360002813985245,8.378746749975747,130324,2024-09
2024-09-05,8.378746032714844,8.406863274997644,8.322513335754449,8.378746032714844,215105,2024-09
2024-09-06,8.360001564025879,8.38811791070911,8.341256737035362,8.37874549721385,133688,2024-09
2024-09-09,8.402678489685059,8.412162542887476,8.336291926166323,8.364743181324481,190579,2024-09
2024-09-10,8.402678489685059,8.412162542887476,8.364743181324481,8.3742272345269,152065,2024-09
2024-09-11,8.412163734436035,8.412163734436035,8.383712475247872,8.383712475247872,93093,2024-09
2024-09-12,8.345776557922363,8.42164717990309,8.336292504062483,8.412163126043211,91845,2024-09
2024-09-13,8.36474323272705,8.383711339248448,8.336291977394055,8.345776030654754,125620,2024-09
2024-09-16,8.383712768554688,8.383712768554688,8.34577745349355,8.34577745349355,108288,2024-09
2024-09-17,8.412163734436035,8.412163734436035,8.355261216059708,8.383712475247872,82860,2024-09
2024-09-18,8.421646118164062,8.459581424371823,8.393194864620504,8.412162065499862,131151,2024-09
2024-09-19,8.336291313171387,8.42164597681855,8.260420702029249,8.42164597681855,187851,2024-09
2024-09-20,8.393195152282715,8.431130459790642,8.269905176769685,8.326807685807038,225034,2024-09
2024-09-23,8.374227523803711,8.440614089615684,8.355260321192773,8.393195630863776,153707,2024-09
2024-09-24,8.241454124450684,8.412163483383459,8.21300286611162,8.383712225044395,167055,2024-09
2024-09-25,8.146615982055664,8.288873172732528,8.061261305869882,8.250937861588753,253300,2024-09
2024-09-26,8.023324966430664,8.156098990641704,7.947454353866941,8.156098990641704,322742,2024-09
2024-09-27,8.00435733795166,8.061260752989188,7.881068263527033,7.947454827363232,305125,2024-09
2024-09-30,8.042293548583984,8.061261657207146,7.9759069773013165,8.00435823578686,146091,2024-09
2024-10-01,7.985391139984131,8.061261766608034,7.966423031103549,8.042293657727452,257011,2024-10
2024-10-02,7.947455406188965,7.9948747714323485,7.937971352250456,7.985390717493839,167148,2024-10
2024-10-03,7.928487300872803,7.994874774014648,7.871584786121695,7.947455408755949,180799,2024-10
2024-10-04,7.937971115112305,7.99487453259427,7.881068602079476,7.900035804940707,95242,2024-10
2024-10-07,8.03281021118164,8.06126146900294,7.937971479178405,7.947455533268564,158748,2024-10
2024-10-08,7.960787773132324,8.028007642522416,7.93197938850829,8.028007642522416,107272,2024-10
2024-10-09,7.855156898498535,7.989596645485669,7.835950697042036,7.989596645485669,179887,2024-10
2024-10-10,7.77833366394043,7.893568121416324,7.7207159773014515,7.893568121416324,167323,2024-10
2024-10-11,7.759127616882324,7.816745304663059,7.72071613029586,7.739922331490131,155796,2024-10
2024-10-14,7.787935733795166,7.835950319319841,7.730318963807194,7.75912734880118,111149,2024-10
2024-10-15,7.739922523498535,7.826347683610515,7.730319422663171,7.787936196071157,136590,2024-10
2024-10-16,7.739922523498535,7.778334011037893,7.7111132209924405,7.739922523498535,162984,2024-10
2024-10-17,7.7111124992370605,7.7783332829906895,7.7111124992370605,7.7783332829906895,115894,2024-10
2024-10-18,7.77833366394043,7.77833366394043,7.7207159773014515,7.730319077708291,154283,2024-10
2024-10-21,7.730319023132324,7.816745094579594,7.701510637917252,7.77833360902548,195814,2024-10
2024-10-22,7.7111124992370605,7.759127083117648,7.691907215166035,7.730318699110102,165281,2024-10
2024-10-23,7.6630988121032715,7.730319141805427,7.653495711616807,7.701510756148099,141846,2024-10
2024-10-24,7.6054816246032715,7.6823045973122275,7.586275881426032,7.65349575359585,164842,2024-10
2024-10-25,7.682304382324219,7.682304382324219,7.60548141176514,7.60548141176514,141920,2024-10
2024-10-28,7.7207159996032715,7.759127485539524,7.634289927296187,7.663098770698892,127849,2024-10
2024-10-29,7.835949897766113,7.8839644807077285,7.701510164491988,7.701510164491988,159469,2024-10
2024-10-30,7.797538757324219,7.864758626916019,7.768730372613739,7.855156442547218,170626,2024-10
2024-10-31,7.797538757324219,7.835950242205539,7.768730372613739,7.768730372613739,85773,2024-10
2024-11-01,7.759127616882324,7.835950590055251,7.759127616882324,7.816745304663059,112034,2024-11
2024-11-04,7.759127616882324,7.8455536906523875,7.759127616882324,7.835950590055251,159600,2024-11
2024-11-05,7.816745281219482,7.835950566554076,7.759127593611551,7.826347465985742,163249,2024-11
2024-11-06,7.826347351074219,7.855156652356226,7.7687305801143305,7.7783336805416665,120642,2024-11
2024-11-07,7.845553874969482,7.864759160812869,7.797539286657868,7.816745488303353,129446,2024-11
2024-11-08,7.792050361633301,7.869873509777133,7.792050361633301,7.869873509777133,127866,2024-11
2024-11-11,7.723954677581787,7.94769645470571,7.714226552381271,7.792050162397778,171888,2024-11
2024-11-12,7.558579921722412,7.782321688830798,6.95545010216503,7.694770421395446,256484,2024-11
2024-11-13,7.451573371887207,7.636403580143587,7.441845710327688,7.636403580143587,274068,2024-11
2024-11-14,7.626676082611084,7.685043444811161,7.471029319548316,7.529396681748394,245800,2024-11
2024-11-18,7.704499244689941,7.772594268769042,7.548852945237639,7.62667609496379,151602,2024-11
2024-11-19,7.772593975067139,7.811505548459868,7.704498953561134,7.704498953561134,115305,2024-11
2024-11-21,7.675314903259277,7.811505407679379,7.626675669326224,7.7823219600920535,199587,2024-11
2024-11-22,7.714226722717285,7.772594083621556,7.646131700260245,7.675315148781105,159151,2024-11
2024-11-25,7.743410110473633,7.792049806529724,7.685042753523834,7.733681985717406,223610,2024-11
2024-11-26,7.733682155609131,7.772593727763797,7.723954494501729,7.733682155609131,117600,2024-11
2024-11-27,7.782321929931641,7.8796013251458135,7.723954571120657,7.723954571120657,220429,2024-11
2024-11-28,7.733682155609131,7.8406896748282575,7.723954494501729,7.821233424888395,212789,2024-11
2024-11-29,7.772593975067139,7.821233673739322,7.675315041585315,7.733682401674409,196704,2024-11
2024-12-02,7.792050361633301,7.821233810255961,7.733682536662874,7.821233810255961,107156,2024-12
2024-12-03,7.723954677581787,7.801778287598294,7.704498891043296,7.792050162397778,106329,2024-12
2024-12-04,7.558579921722412,7.77259356406575,7.509940225622212,7.72395433182807,212438,2024-12
2024-12-05,7.305655002593994,7.675314945181926,7.305655002593994,7.5683083516272145,397888,2024-12
2024-12-06,7.441845893859863,7.5780364060897485,7.32511116909139,7.32511116909139,198103,2024-12
2024-12-09,7.259375095367432,7.417187444076104,7.24951158841419,7.417187444076104,174116,2024-12
2024-12-10,7.091699123382568,7.348144185827773,7.002929443531053,7.259374976294147,256355,2024-12
2024-12-11,7.111425876617432,7.259375190632302,7.0522462450750645,7.101562369534752,188200,2024-12
2024-12-12,7.071972846984863,7.2100586550507675,7.062109339821203,7.0818358838306175,170780,2024-12
2024-12-13,7.1015625,7.229785272523039,7.1015625,7.121289044209859,177682,2024-12
2024-12-16,7.141015529632568,7.1903321249101815,7.0719728606254,7.111425948720327,146167,2024-12
2024-12-17,7.062108993530273,7.150878672378767,7.022655907446028,7.150878672378767,211894,2024-12
2024-12-18,7.022655963897705,7.1311521866604695,7.0029294206970105,7.062109050299094,139280,2024-12
2024-12-19,7.022655963897705,7.09169910025908,6.9536132978542184,7.022655963897705,197565,2024-12
2024-12-20,7.121288776397705,7.170605370226647,6.983202972121721,7.0226560590577165,165004,2024-12
2024-12-23,7.417187690734863,7.446777742260706,7.15087910827393,7.180469159799773,140933,2024-12
2024-12-26,7.49609375,7.5355468378696395,7.298828310651805,7.38759752319954,125877,2024-12
2024-12-27,7.604589939117432,7.772265796891467,7.525683763769157,7.565136851443294,136482,2024-12
2024-12-30,7.663769721984863,7.722949354664842,7.545410456624906,7.614453126259258,81190,2024-12
2025-01-02,7.732812881469727,7.742675918449013,7.614453145492887,7.732812881469727,91186,2025-01
2025-01-03,7.722949028015137,7.7426755714074424,7.624316311053606,7.732812534870236,85825,2025-01
2025-01-06,7.703222751617432,7.791992435118523,7.663769663465371,7.752539346966462,115053,2025-01
2025-01-07,7.5947265625,7.772265930401241,7.545410437219142,7.673633209521614,210836,2025-01
2025-01-08,7.574999809265137,7.673632997740544,7.5454102289768334,7.663769490765843,123336,2025-01
2025-01-09,7.409999847412109,7.579999923706055,7.360000133514404,7.570000171661377,257405,2025-01
2025-01-10,7.46999979019165,7.519999980926514,7.420000076293945,7.480000019073486,69210,2025-01
2025-01-13,7.429999828338623,7.519999980926514,7.409999847412109,7.46999979019165,76045,2025-01
2025-01-14,7.360000133514404,7.440000057220459,7.329999923706055,7.429999828338623,146818,2025-01
2025-01-15,7.349999904632568,7.460000038146973,7.349999904632568,7.420000076293945,101160,2025-01
